Order_ID,Customer_ID,Product_ID,Quantity,Order_Date,Order_Time,Delivery_Date,Delivery_Time,Location,Occasion
1,C037,67,5,24-02-2023,11.48.13 PM,05-03-2023,7.27.10 AM,Bardhaman,Anniversary
2,C019,41,2,07-11-2023,11.30.18 PM,13-11-2023,7.16.17 AM,Jaipur,Diwali
3,C029,67,5,14-07-2023,7.12.03 PM,19-07-2023,5.39.00 PM,Bilaspur,Anniversary
4,C012,14,5,10-07-2023,4.44.29 AM,19-07-2023,6.33.23 AM,Guwahati,Birthday
5,C078,58,2,11-02-2023,7.44.48 PM,18-02-2023,11.08.52 AM,Rajkot,Valentine's Day
6,C040,28,4,20-08-2023,10.11.35 PM,26-08-2023,7.06.46 PM,Sirsa,Raksha Bandhan
7,C009,45,2,08-05-2023,1.45.13 AM,13-05-2023,10.07.17 AM,Nanded,Birthday
8,C097,43,3,08-11-2023,7.20.02 PM,14-11-2023,8.44.45 AM,Morena,Diwali
9,C044,27,4,20-08-2023,11.39.51 PM,29-08-2023,11.59.54 PM,Rajkot,Raksha Bandhan
10,C099,56,3,26-02-2023,12.17.26 AM,08-03-2023,8.47.43 PM,Ambala,Anniversary
11,C065,16,4,02-03-2023,8.14.55 PM,03-03-2023,11.19.47 PM,Belgaum,Holi
12,C097,38,3,12-07-2023,8.28.56 AM,20-07-2023,11.34.57 PM,Karnal,Birthday
13,C024,20,3,24-02-2023,4.47.16 PM,04-03-2023,2.27.37 AM,Gandhidham,Anniversary
14,C042,60,1,08-11-2023,3.46.06 AM,15-11-2023,12.08.02 PM,Bilaspur,Diwali
15,C069,21,5,26-08-2023,2.52.39 AM,30-08-2023,1.26.45 PM,Pune,Raksha Bandhan
16,C013,20,3,16-02-2023,3.06.11 PM,20-02-2023,10.14.21 PM,Khammam,Anniversary
17,C056,60,2,04-11-2023,11.31.33 AM,13-11-2023,6.40.13 PM,Kota,Diwali
18,C072,23,4,10-12-2023,10.46.15 AM,11-12-2023,12.20.29 AM,Moradabad,Anniversary
19,C072,62,4,07-03-2023,7.59.48 AM,08-03-2023,3.04.34 AM,Vijayanagaram,Holi
20,C011,52,1,11-02-2023,2.36.57 PM,14-02-2023,1.34.16 AM,Madurai,Valentine's Day
21,C090,32,1,09-02-2023,11.20.52 AM,12-02-2023,11.36.26 AM,Bathinda,Birthday
22,C054,43,1,09-11-2023,1.05.28 AM,14-11-2023,9.49.47 AM,Tenali,Diwali
23,C041,12,3,05-05-2023,5.28.33 AM,06-05-2023,12.12.24 PM,Ludhiana,Anniversary
24,C018,42,3,25-07-2023,5.10.42 AM,03-08-2023,7.57.35 AM,Durg,All Occasions
25,C091,30,3,21-07-2023,10.46.57 AM,24-07-2023,2.28.42 PM,Panipat,Anniversary
26,C040,6,3,06-03-2023,5.03.06 AM,12-03-2023,6.06.11 AM,Amroha,Holi
27,C063,9,2,22-08-2023,11.16.28 AM,30-08-2023,7.59.12 AM,Raipur,Raksha Bandhan
28,C088,42,3,05-05-2023,3.25.25 AM,10-05-2023,7.55.04 AM,Guwahati,All Occasions
29,C064,10,5,22-09-2023,1.06.22 AM,01-10-2023,2.29.16 PM,Kollam,Birthday
30,C044,23,4,13-01-2023,9.23.33 AM,15-01-2023,1.36.58 PM,Bulandshahr,Anniversary
31,C029,7,5,28-02-2023,1.13.22 PM,03-03-2023,11.35.49 PM,Nandyal,Holi
32,C065,7,5,04-03-2023,3.36.41 PM,05-03-2023,3.54.10 PM,Pudukkottai,Holi
33,C047,8,3,15-04-2023,1.37.27 AM,25-04-2023,2.13.27 AM,Amroha,Anniversary
34,C071,17,2,01-10-2023,10.58.15 PM,05-10-2023,5.36.46 AM,Tirupati,Anniversary
35,C055,7,5,02-03-2023,4.10.26 PM,05-03-2023,3.00.40 PM,Asansol,Holi
36,C029,66,1,04-03-2023,10.28.53 AM,14-03-2023,8.14.49 AM,New Delhi,Holi
37,C096,19,5,10-02-2023,11.01.04 AM,15-02-2023,9.19.36 PM,Katni,Valentine's Day
38,C067,37,3,11-11-2023,12.30.28 PM,14-11-2023,12.24.51 PM,Indore,Diwali
39,C054,43,2,02-11-2023,7.25.58 PM,04-11-2023,1.28.42 PM,Vellore,Diwali
40,C066,48,4,02-11-2023,2.15.10 PM,05-11-2023,4.29.54 AM,Raiganj,Diwali
41,C047,54,4,08-06-2023,7.19.50 PM,10-06-2023,2.29.42 PM,Saharsa,Anniversary
42,C080,35,1,26-02-2023,12.08.38 AM,07-03-2023,5.18.28 PM,Faridabad,Holi
43,C046,49,3,12-02-2023,10.31.16 PM,16-02-2023,2.47.47 AM,Sambalpur,Valentine's Day
44,C006,14,1,17-07-2023,9.57.56 PM,27-07-2023,10.48.09 AM,Bhavnagar,Birthday
45,C097,61,5,28-04-2023,2.26.26 PM,29-04-2023,6.16.36 AM,Haldia,Anniversary
46,C059,22,4,18-04-2023,3.21.11 AM,23-04-2023,8.02.45 AM,Guna,All Occasions
47,C013,7,5,26-02-2023,1.04.28 PM,28-02-2023,6.00.20 AM,Jaipur,Holi
48,C031,65,4,12-11-2023,8.00.30 PM,16-11-2023,5.31.42 AM,Delhi,All Occasions
49,C020,43,1,11-11-2023,5.44.30 PM,18-11-2023,1.49.52 PM,Nangloi Jat,Diwali
50,C014,41,4,09-11-2023,6.56.33 AM,16-11-2023,10.19.22 AM,Jamalpur,Diwali
51,C036,10,1,15-03-2023,9.23.49 AM,19-03-2023,4.46.40 PM,Agartala,Birthday
52,C023,9,1,29-08-2023,7.55.22 PM,07-09-2023,4.22.02 AM,Hospet,Raksha Bandhan
53,C045,9,5,20-08-2023,8.25.45 AM,27-08-2023,5.59.31 AM,Kozhikode,Raksha Bandhan
54,C059,30,1,13-04-2023,9.55.01 AM,23-04-2023,2.30.59 PM,Ratlam,Anniversary
55,C040,5,1,08-02-2023,8.01.07 AM,13-02-2023,7.42.58 AM,Kottayam,All Occasions
56,C095,58,5,08-02-2023,12.11.48 PM,13-02-2023,6.51.59 PM,Danapur,Valentine's Day
57,C090,35,5,26-02-2023,8.00.15 AM,06-03-2023,12.27.32 PM,Ahmedabad,Holi
58,C077,36,1,06-01-2023,2.51.30 AM,15-01-2023,8.26.18 AM,Amravati,Birthday
59,C041,51,5,26-06-2023,3.56.15 AM,28-06-2023,8.10.04 PM,Thiruvananthapuram,All Occasions
60,C023,5,2,13-12-2023,6.46.45 AM,15-12-2023,1.03.56 PM,Darbhanga,All Occasions
61,C058,44,2,08-11-2023,10.26.25 PM,10-11-2023,8.08.31 AM,Panihati,Diwali
62,C074,6,4,02-03-2023,3.30.51 PM,06-03-2023,11.51.40 PM,Jorhat,Holi
63,C056,42,3,25-06-2023,6.22.38 AM,26-06-2023,3.40.04 PM,Munger,All Occasions
64,C015,25,1,12-06-2023,2.48.39 AM,15-06-2023,10.05.41 PM,Chittoor,Anniversary
65,C033,54,2,01-09-2023,1.02.28 PM,11-09-2023,6.33.52 AM,Berhampur,Anniversary
66,C017,35,5,26-02-2023,9.00.44 PM,27-02-2023,6.25.58 AM,Munger,Holi
67,C047,10,2,06-07-2023,5.28.21 PM,14-07-2023,9.11.01 PM,Thrissur,Birthday
68,C050,34,4,25-08-2023,10.43.58 PM,31-08-2023,9.31.14 PM,Ahmedabad,Raksha Bandhan
69,C091,12,4,02-09-2023,7.21.41 PM,08-09-2023,9.30.02 AM,Hyderabad,Anniversary
70,C037,17,1,28-09-2023,4.21.09 AM,03-10-2023,11.44.33 AM,Vijayanagaram,Anniversary
71,C013,9,5,20-08-2023,4.32.06 PM,28-08-2023,1.31.32 PM,Karnal,Raksha Bandhan
72,C058,26,3,03-03-2023,3.49.26 PM,12-03-2023,5.34.10 PM,Bally,Holi
73,C057,26,1,03-03-2023,12.52.36 PM,11-03-2023,1.28.36 AM,Farrukhabad,Holi
74,C024,31,3,01-01-2023,8.55.22 PM,07-01-2023,9.02.03 AM,Shivpuri,All Occasions
75,C009,65,2,06-04-2023,11.10.24 AM,09-04-2023,11.00.34 PM,Bally,All Occasions
76,C054,4,1,09-11-2023,5.13.11 AM,12-11-2023,12.34.50 AM,Anand,Diwali
77,C028,42,3,05-08-2023,1.07.11 AM,13-08-2023,4.20.52 PM,Kanpur,All Occasions
78,C062,11,2,04-02-2023,1.00.09 PM,08-02-2023,8.31.15 PM,Pallavaram,Valentine's Day
79,C010,40,2,01-06-2023,5.29.30 PM,11-06-2023,7.34.53 AM,Varanasi,Anniversary
80,C008,39,4,02-01-2023,11.07.02 AM,11-01-2023,2.05.50 AM,Salem,All Occasions
81,C053,1,5,22-02-2023,6.29.21 PM,03-03-2023,7.09.32 AM,Kalyan-Dombivli,All Occasions
82,C038,70,3,04-08-2023,10.02.05 PM,05-08-2023,2.08.13 PM,Gwalior,Birthday
83,C036,27,4,23-08-2023,7.12.01 PM,02-09-2023,2.44.00 PM,Asansol,Raksha Bandhan
84,C032,47,1,04-03-2023,3.31.50 AM,06-03-2023,7.02.20 AM,Tirupati,Holi
85,C041,26,2,04-03-2023,9.35.20 PM,14-03-2023,2.48.22 PM,Agra,Holi
86,C046,39,4,13-09-2023,11.27.49 AM,22-09-2023,2.09.30 PM,Sirsa,All Occasions
87,C055,2,5,04-02-2023,1.17.21 PM,11-02-2023,11.06.36 PM,Malda,Valentine's Day
88,C008,15,4,22-12-2023,10.02.31 AM,01-01-2024,12.17.55 PM,Avadi,Anniversary
89,C060,3,5,12-02-2023,10.56.52 PM,13-02-2023,2.41.41 PM,Aurangabad,Valentine's Day
90,C088,41,3,09-11-2023,8.54.16 PM,18-11-2023,5.48.35 PM,Shahjahanpur,Diwali
91,C061,6,2,27-02-2023,1.52.56 PM,05-03-2023,1.23.25 PM,Mahbubnagar,Holi
92,C100,18,5,15-05-2023,12.11.18 AM,25-05-2023,11.17.55 AM,Rohtak,Birthday
93,C047,24,4,01-05-2023,5.50.59 PM,03-05-2023,6.35.56 PM,Warangal,Birthday
94,C099,69,5,02-03-2023,2.51.08 PM,11-03-2023,8.14.49 AM,Purnia,Holi
95,C039,70,4,29-05-2023,7.54.41 AM,03-06-2023,7.16.33 AM,Narasaraopet,Birthday
96,C099,25,3,14-03-2023,3.00.21 PM,23-03-2023,8.56.06 AM,Latur,Anniversary
97,C041,41,1,03-11-2023,8.11.32 PM,08-11-2023,1.35.25 AM,Bhavnagar,Diwali
98,C031,8,1,30-10-2023,3.26.00 PM,01-11-2023,4.34.28 PM,Bulandshahr,Anniversary
99,C050,38,3,04-11-2023,2.00.46 PM,05-11-2023,3.44.38 PM,Burhanpur,Birthday
100,C055,42,5,09-05-2023,5.50.07 AM,17-05-2023,5.30.26 AM,Bhiwani,All Occasions
101,C064,70,4,19-06-2023,3.56.52 AM,21-06-2023,6.18.37 AM,Belgaum,Birthday
102,C081,10,3,28-10-2023,7.34.14 PM,06-11-2023,7.06.35 AM,Ozhukarai,Birthday
103,C097,18,3,01-02-2023,12.24.59 PM,08-02-2023,10.51.39 PM,Ichalkaranji,Birthday
104,C082,51,3,29-12-2023,1.45.29 AM,05-01-2024,12.15.28 AM,Ahmednagar,All Occasions
105,C063,36,2,11-02-2023,2.57.36 AM,21-02-2023,1.34.10 AM,Guna,Birthday
106,C095,41,2,06-11-2023,5.55.46 PM,08-11-2023,11.00.28 PM,Chinsurah,Diwali
107,C041,4,3,06-11-2023,10.18.07 AM,12-11-2023,2.20.21 PM,Gorakhpur,Diwali
108,C012,26,4,27-02-2023,9.03.26 AM,05-03-2023,8.03.05 AM,Berhampore,Holi
109,C074,50,5,27-02-2023,3.35.48 PM,01-03-2023,8.38.56 AM,Gandhidham,Holi
110,C075,26,2,04-03-2023,11.23.44 AM,13-03-2023,8.27.31 AM,Kishanganj,Holi
111,C009,8,3,21-06-2023,2.18.57 PM,25-06-2023,9.03.57 PM,Ramgarh,Anniversary
112,C023,37,3,11-11-2023,6.36.04 AM,14-11-2023,3.50.59 PM,Kochi,Diwali
113,C032,1,3,14-11-2023,3.30.30 PM,23-11-2023,4.26.47 AM,Bulandshahr,All Occasions
114,C009,40,4,03-02-2023,4.03.15 PM,07-02-2023,2.22.48 AM,Kirari Suleman Nagar,Anniversary
115,C095,57,1,28-04-2023,6.11.22 PM,05-05-2023,11.36.31 AM,Jhansi,Birthday
116,C009,4,3,11-11-2023,2.28.05 PM,20-11-2023,5.25.26 AM,Howrah,Diwali
117,C033,59,3,20-08-2023,6.50.05 PM,22-08-2023,3.43.01 AM,Loni,Raksha Bandhan
118,C035,62,1,27-02-2023,2.30.59 PM,05-03-2023,10.32.52 AM,Bhavnagar,Holi
119,C010,6,4,04-03-2023,11.02.10 AM,12-03-2023,12.22.18 PM,Fatehpur,Holi
120,C050,61,1,25-12-2023,10.26.37 PM,31-12-2023,9.57.24 AM,Kalyan-Dombivli,Anniversary
121,C048,33,3,05-02-2023,2.18.55 AM,09-02-2023,7.29.31 AM,Guntur,Valentine's Day
122,C083,24,5,03-10-2023,9.04.23 AM,13-10-2023,3.15.14 AM,Gulbarga,Birthday
123,C026,38,1,15-01-2023,12.31.09 AM,25-01-2023,4.58.43 AM,Malegaon,Birthday
124,C030,67,4,21-07-2023,8.44.55 AM,23-07-2023,5.23.44 AM,Bhilwara,Anniversary
125,C020,31,2,19-03-2023,9.12.11 AM,25-03-2023,2.36.11 PM,Kolkata,All Occasions
126,C040,19,5,04-02-2023,2.28.24 AM,13-02-2023,1.16.38 PM,Dharmavaram,Valentine's Day
127,C051,60,4,02-11-2023,2.04.38 PM,03-11-2023,7.25.01 PM,Dhanbad,Diwali
128,C065,12,3,06-03-2023,4.50.28 PM,13-03-2023,3.11.19 PM,Kochi,Anniversary
129,C051,67,2,17-02-2023,5.21.30 AM,20-02-2023,8.17.32 AM,Ramgarh,Anniversary
130,C070,10,5,22-04-2023,1.32.41 PM,27-04-2023,10.01.54 PM,Darbhanga,Birthday
131,C078,3,5,04-02-2023,8.30.50 PM,11-02-2023,8.29.03 AM,Satara,Valentine's Day
132,C045,49,4,04-02-2023,11.23.41 PM,13-02-2023,7.55.48 PM,Thoothukudi,Valentine's Day
133,C018,43,5,10-11-2023,3.51.54 PM,16-11-2023,11.22.51 AM,Tiruppur,Diwali
134,C036,69,5,05-03-2023,7.12.46 PM,14-03-2023,4.58.29 AM,Malda,Holi
135,C087,30,2,13-12-2023,10.20.09 AM,14-12-2023,3.43.20 PM,Bokaro,Anniversary
136,C036,56,1,05-09-2023,4.08.59 PM,09-09-2023,10.12.18 PM,Guna,Anniversary
137,C070,47,2,05-03-2023,4.06.24 PM,11-03-2023,7.29.21 AM,Warangal,Holi
138,C022,57,4,11-03-2023,9.33.56 AM,18-03-2023,6.02.40 AM,Siliguri,Birthday
139,C055,54,4,11-05-2023,4.14.45 AM,16-05-2023,6.12.44 PM,Amritsar,Anniversary
140,C015,47,1,04-03-2023,6.19.35 AM,13-03-2023,9.29.35 PM,Bharatpur,Holi
141,C062,35,4,28-02-2023,3.55.06 AM,10-03-2023,2.31.56 AM,Allahabad,Holi
142,C029,23,2,23-10-2023,2.31.13 AM,27-10-2023,4.24.16 AM,Bharatpur,Anniversary
143,C087,66,2,28-02-2023,7.37.18 AM,10-03-2023,2.49.54 PM,Ramagundam,Holi
144,C090,51,5,18-01-2023,9.01.03 AM,23-01-2023,3.23.15 AM,Srinagar,All Occasions
145,C055,59,5,29-08-2023,4.52.56 PM,03-09-2023,1.04.25 PM,Kumbakonam,Raksha Bandhan
146,C030,52,5,13-02-2023,6.23.55 PM,16-02-2023,4.07.37 AM,Vijayawada,Valentine's Day
147,C080,8,4,17-03-2023,7.28.15 PM,23-03-2023,1.51.11 PM,Jodhpur,Anniversary
148,C046,24,3,05-12-2023,2.09.08 AM,07-12-2023,8.57.38 AM,Gopalpur,Birthday
149,C008,5,3,06-10-2023,11.23.09 PM,09-10-2023,8.09.12 PM,Mangalore,All Occasions
150,C092,27,5,26-08-2023,7.18.17 AM,29-08-2023,4.56.13 PM,Bidar,Raksha Bandhan
151,C051,43,1,03-11-2023,9.42.26 PM,10-11-2023,3.56.02 AM,Jalna,Diwali
152,C084,51,2,27-02-2023,10.48.51 AM,05-03-2023,4.39.22 PM,Tiruppur,All Occasions
153,C094,16,4,04-03-2023,12.15.00 PM,10-03-2023,6.04.43 AM,Rewa,Holi
154,C049,45,5,21-11-2023,11.14.18 PM,25-11-2023,2.04.59 AM,Indore,Birthday
155,C023,23,3,01-05-2023,2.46.58 PM,06-05-2023,12.00.30 AM,Sambhal,Anniversary
156,C030,61,2,09-02-2023,8.20.50 AM,12-02-2023,10.49.14 AM,Ozhukarai,Anniversary
157,C019,35,3,26-02-2023,12.44.17 PM,06-03-2023,11.35.44 AM,Thiruvananthapuram,Holi
158,C007,35,2,03-03-2023,3.40.17 PM,08-03-2023,2.53.01 AM,Medininagar,Holi
159,C095,43,3,09-11-2023,9.31.39 PM,11-11-2023,4.55.56 AM,Davanagere,Diwali
160,C037,36,3,02-06-2023,12.28.57 AM,10-06-2023,7.52.59 AM,Moradabad,Birthday
161,C054,58,3,13-02-2023,3.08.06 AM,14-02-2023,11.12.01 PM,Karaikudi,Valentine's Day
162,C050,55,3,27-08-2023,6.14.31 AM,05-09-2023,3.53.45 PM,Barasat,Raksha Bandhan
163,C083,54,4,17-02-2023,7.50.10 PM,25-02-2023,10.20.16 AM,Ujjain,Anniversary
164,C063,14,5,25-04-2023,2.04.02 AM,27-04-2023,11.49.33 AM,Berhampore,Birthday
165,C058,40,5,06-08-2023,1.11.16 PM,10-08-2023,8.37.14 AM,Lucknow,Anniversary
166,C035,4,3,07-11-2023,11.05.28 PM,10-11-2023,6.12.46 AM,Madanapalle,Diwali
167,C019,37,4,04-11-2023,1.26.51 AM,07-11-2023,3.16.27 PM,Nangloi Jat,Diwali
168,C092,35,2,04-03-2023,3.36.03 PM,07-03-2023,11.02.42 AM,Bidar,Holi
169,C051,3,2,06-02-2023,10.28.57 AM,16-02-2023,1.26.19 AM,Shivpuri,Valentine's Day
170,C040,32,2,21-03-2023,11.58.13 AM,27-03-2023,5.14.07 AM,Kamarhati,Birthday
171,C071,54,3,30-06-2023,11.47.49 AM,08-07-2023,12.27.06 PM,Tiruvottiyur,Anniversary
172,C070,62,4,03-03-2023,4.40.04 AM,08-03-2023,5.12.47 AM,Patiala,Holi
173,C072,58,2,07-02-2023,11.15.37 PM,13-02-2023,1.51.53 AM,Deoghar,Valentine's Day
174,C048,4,3,03-11-2023,3.39.20 PM,13-11-2023,6.06.46 PM,Malda,Diwali
175,C042,31,1,13-10-2023,1.17.47 AM,20-10-2023,7.22.52 AM,Navi Mumbai,All Occasions
176,C039,17,2,10-03-2023,3.34.46 AM,16-03-2023,5.24.51 PM,Moradabad,Anniversary
177,C085,62,4,05-03-2023,1.49.12 AM,07-03-2023,2.50.42 PM,Satara,Holi
178,C097,61,1,14-11-2023,11.04.31 PM,16-11-2023,2.14.23 AM,Bhilai,Anniversary
179,C078,47,3,28-02-2023,3.16.02 PM,10-03-2023,2.31.07 PM,Vijayanagaram,Holi
180,C058,55,2,24-08-2023,4.40.33 PM,27-08-2023,8.45.14 AM,Nellore,Raksha Bandhan
181,C064,10,4,28-08-2023,5.55.22 AM,06-09-2023,4.53.28 AM,Howrah,Birthday
182,C070,2,1,08-02-2023,11.21.30 PM,15-02-2023,6.07.33 AM,Chennai,Valentine's Day
183,C082,48,3,09-11-2023,6.11.41 PM,11-11-2023,3.29.26 PM,Bahraich,Diwali
184,C027,52,3,11-02-2023,9.34.53 PM,20-02-2023,5.00.29 AM,Dharmavaram,Valentine's Day
185,C068,18,1,07-05-2023,7.10.45 AM,17-05-2023,8.00.43 PM,Raurkela Industrial Township,Birthday
186,C048,61,1,09-05-2023,9.09.44 AM,11-05-2023,12.16.23 AM,Kollam,Anniversary
187,C008,49,5,11-02-2023,9.10.41 PM,16-02-2023,9.34.09 AM,Anantapur,Valentine's Day
188,C067,22,5,18-09-2023,1.38.33 AM,25-09-2023,2.02.12 PM,Serampore,All Occasions
189,C016,57,1,19-11-2023,5.22.19 PM,22-11-2023,1.21.54 PM,Srikakulam,Birthday
190,C096,60,5,09-11-2023,12.33.49 PM,13-11-2023,1.41.24 PM,Darbhanga,Diwali
191,C012,24,3,12-10-2023,6.13.06 PM,17-10-2023,8.50.02 AM,Etawah,Birthday
192,C060,64,5,20-08-2023,12.28.32 PM,21-08-2023,2.11.18 AM,Vijayanagaram,Raksha Bandhan
193,C038,42,4,16-08-2023,11.44.29 PM,19-08-2023,2.34.02 AM,Nanded,All Occasions
194,C030,58,4,08-02-2023,11.41.29 AM,09-02-2023,4.54.30 AM,Pondicherry,Valentine's Day
195,C037,67,5,10-04-2023,5.33.53 AM,17-04-2023,7.51.40 AM,Jamalpur,Anniversary
196,C063,30,2,05-08-2023,9.37.50 AM,13-08-2023,8.58.06 AM,Begusarai,Anniversary
197,C095,45,2,22-03-2023,6.38.42 PM,26-03-2023,3.30.06 AM,Etawah,Birthday
198,C090,24,2,27-08-2023,10.33.37 PM,04-09-2023,1.09.50 AM,Phagwara,Birthday
199,C093,70,5,16-08-2023,1.54.30 AM,19-08-2023,4.24.59 PM,Bareilly,Birthday
200,C067,23,5,03-01-2023,8.04.16 PM,08-01-2023,11.18.52 PM,Agartala,Anniversary
201,C004,55,4,24-08-2023,4.40.14 AM,30-08-2023,3.52.28 AM,Dewas,Raksha Bandhan
202,C089,36,5,27-07-2023,8.13.48 AM,01-08-2023,3.02.01 AM,Bhimavaram,Birthday
203,C039,9,5,29-08-2023,5.39.00 AM,08-09-2023,10.40.14 PM,Vijayanagaram,Raksha Bandhan
204,C062,10,4,03-07-2023,10.46.43 AM,09-07-2023,6.29.03 AM,Jaipur,Birthday
205,C022,46,5,06-07-2023,5.17.21 AM,09-07-2023,11.47.12 AM,Davanagere,Anniversary
206,C099,68,3,11-02-2023,10.12.16 PM,13-02-2023,12.42.01 PM,Ulhasnagar,Valentine's Day
207,C078,6,2,05-03-2023,1.13.16 AM,07-03-2023,12.15.56 PM,Amravati,Holi
208,C001,18,5,02-04-2023,4.30.47 AM,12-04-2023,7.06.36 AM,Kulti,Birthday
209,C071,70,2,22-06-2023,12.44.32 AM,23-06-2023,9.44.32 PM,Hajipur,Birthday
210,C095,32,4,10-12-2023,12.46.32 AM,15-12-2023,8.02.35 AM,Aligarh,Birthday
211,C043,31,5,22-10-2023,6.14.59 PM,29-10-2023,5.40.03 PM,Orai,All Occasions
212,C093,7,2,28-02-2023,7.14.40 AM,05-03-2023,8.01.45 PM,Ozhukarai,Holi
213,C022,42,5,14-02-2023,8.26.18 AM,24-02-2023,8.58.11 AM,Dehradun,All Occasions
214,C099,13,3,01-03-2023,7.49.55 AM,07-03-2023,8.27.25 AM,Durgapur,Holi
215,C098,17,1,21-05-2023,3.54.26 AM,24-05-2023,12.37.34 PM,Katni,Anniversary
216,C004,23,1,03-10-2023,3.46.35 PM,08-10-2023,8.46.28 PM,Bhatpara,Anniversary
217,C042,53,4,27-08-2023,3.04.34 AM,30-08-2023,4.42.19 PM,Rajkot,Raksha Bandhan
218,C061,31,4,13-06-2023,10.55.11 PM,16-06-2023,3.06.01 AM,Gurgaon,All Occasions
219,C027,16,5,05-03-2023,12.36.07 AM,11-03-2023,10.36.05 AM,Bhimavaram,Holi
220,C001,26,3,06-03-2023,12.26.54 PM,15-03-2023,2.41.52 PM,Jalandhar,Holi
221,C076,28,4,21-08-2023,2.11.04 AM,30-08-2023,2.00.35 PM,Naihati,Raksha Bandhan
222,C099,6,5,26-02-2023,5.57.25 AM,07-03-2023,6.20.50 PM,Guntur,Holi
223,C051,49,2,05-02-2023,8.44.25 AM,13-02-2023,10.17.59 AM,Bhalswa Jahangir Pur,Valentine's Day
224,C028,34,1,24-08-2023,9.01.58 PM,29-08-2023,2.06.40 AM,Suryapet,Raksha Bandhan
225,C093,52,5,05-02-2023,12.12.26 PM,06-02-2023,6.01.06 PM,Arrah,Valentine's Day
226,C064,14,2,08-09-2023,8.48.50 AM,12-09-2023,11.20.36 AM,Hospet,Birthday
227,C004,24,4,25-12-2023,6.50.42 PM,26-12-2023,2.09.44 PM,Surat,Birthday
228,C035,36,1,10-03-2023,6.40.52 PM,11-03-2023,10.30.00 AM,Bijapur,Birthday
229,C079,49,3,11-02-2023,8.55.38 PM,20-02-2023,9.32.50 AM,Junagadh,Valentine's Day
230,C053,64,3,27-08-2023,8.27.50 AM,01-09-2023,1.35.49 AM,Mehsana,Raksha Bandhan
231,C093,64,3,24-08-2023,9.15.18 AM,28-08-2023,9.13.01 PM,Proddatur,Raksha Bandhan
232,C044,28,3,22-08-2023,12.06.09 PM,23-08-2023,9.00.02 AM,Nadiad,Raksha Bandhan
233,C098,64,4,26-08-2023,10.15.19 PM,30-08-2023,4.07.39 AM,Nizamabad,Raksha Bandhan
234,C097,42,1,24-03-2023,9.18.12 PM,01-04-2023,12.36.53 AM,Khandwa,All Occasions
235,C071,56,2,26-02-2023,2.26.46 PM,03-03-2023,11.26.23 PM,Bhilai,Anniversary
236,C044,23,5,03-09-2023,6.33.52 AM,11-09-2023,2.10.18 AM,Panvel,Anniversary
237,C024,55,1,26-08-2023,9.23.53 AM,30-08-2023,8.19.20 AM,Sasaram,Raksha Bandhan
238,C083,26,4,05-03-2023,7.56.43 AM,11-03-2023,8.18.17 PM,Jammu,Holi
239,C088,27,3,29-08-2023,8.33.45 AM,06-09-2023,1.23.08 PM,Gurgaon,Raksha Bandhan
240,C074,5,5,25-03-2023,6.03.38 AM,30-03-2023,3.43.28 PM,Darbhanga,All Occasions
241,C067,20,2,05-09-2023,9.52.16 AM,07-09-2023,8.58.21 AM,Indore,Anniversary
242,C012,21,1,23-08-2023,10.24.46 AM,31-08-2023,4.02.32 PM,Amroha,Raksha Bandhan
243,C043,3,1,05-02-2023,8.50.37 PM,10-02-2023,12.30.54 PM,Siwan,Valentine's Day
244,C041,65,3,20-03-2023,3.06.01 PM,30-03-2023,7.06.40 AM,Guntakal,All Occasions
245,C020,50,3,05-03-2023,6.25.26 AM,11-03-2023,9.30.30 AM,Noida,Holi
246,C017,69,5,28-02-2023,11.24.33 PM,08-03-2023,12.38.49 AM,Agra,Holi
247,C052,23,4,11-10-2023,5.58.48 AM,16-10-2023,2.58.46 AM,Gudivada,Anniversary
248,C044,19,5,08-02-2023,8.43.41 AM,10-02-2023,4.15.01 AM,Alwar,Valentine's Day
249,C003,14,2,10-09-2023,10.22.16 PM,19-09-2023,11.17.36 PM,Bareilly,Birthday
250,C086,37,5,08-11-2023,3.07.27 PM,09-11-2023,1.32.06 AM,Korba,Diwali
251,C051,7,4,28-02-2023,12.31.48 AM,02-03-2023,12.19.44 AM,Khora ,Holi
252,C040,69,2,26-02-2023,5.41.28 AM,28-02-2023,8.11.16 AM,Nandyal,Holi
253,C010,68,2,12-02-2023,2.24.46 PM,14-02-2023,5.39.27 AM,Bangalore,Valentine's Day
254,C093,1,5,07-07-2023,12.09.44 AM,15-07-2023,5.27.49 AM,Bhilai,All Occasions
255,C092,45,2,27-12-2023,3.42.35 AM,06-01-2024,9.23.14 AM,Suryapet,Birthday
256,C065,4,5,06-11-2023,7.13.49 PM,14-11-2023,6.05.55 PM,Suryapet,Diwali
257,C077,21,3,22-08-2023,3.42.59 PM,24-08-2023,10.39.39 PM,Chinsurah,Raksha Bandhan
258,C044,46,5,16-04-2023,5.40.39 AM,20-04-2023,8.05.32 PM,Vijayawada,Anniversary
259,C001,62,1,05-03-2023,3.21.54 PM,10-03-2023,12.04.01 AM,Sirsa,Holi
260,C100,69,5,06-03-2023,1.06.11 PM,16-03-2023,10.22.30 PM,Satara,Holi
261,C041,37,3,06-11-2023,2.03.50 PM,12-11-2023,8.17.47 PM,Malegaon,Diwali
262,C038,49,3,07-02-2023,8.05.16 AM,11-02-2023,1.06.57 AM,Tirunelveli,Valentine's Day
263,C081,57,4,12-03-2023,9.35.10 AM,13-03-2023,3.22.01 PM,Chittoor,Birthday
264,C010,52,3,09-02-2023,5.35.19 AM,18-02-2023,3.43.46 PM,Asansol,Valentine's Day
265,C060,58,1,10-02-2023,9.17.18 PM,18-02-2023,6.28.33 AM,Gudivada,Valentine's Day
266,C038,36,1,12-05-2023,1.46.56 PM,13-05-2023,7.20.09 PM,Sonipat,Birthday
267,C055,35,3,04-03-2023,1.38.57 PM,12-03-2023,3.52.00 AM,Chandrapur,Holi
268,C053,38,1,14-08-2023,7.45.59 AM,23-08-2023,4.53.30 PM,Katni,Birthday
269,C024,36,1,25-10-2023,1.12.12 AM,26-10-2023,5.58.13 PM,Raebareli,Birthday
270,C084,21,5,22-08-2023,8.21.29 PM,01-09-2023,4.03.59 PM,Avadi,Raksha Bandhan
271,C039,36,5,23-06-2023,6.27.42 PM,30-06-2023,6.20.05 PM,Patna,Birthday
272,C016,12,1,08-04-2023,9.40.05 AM,18-04-2023,8.13.56 PM,Kumbakonam,Anniversary
273,C047,10,2,22-11-2023,4.12.35 PM,24-11-2023,1.52.48 AM,Moradabad,Birthday
274,C078,41,5,02-11-2023,6.37.51 AM,12-11-2023,8.53.36 PM,Raebareli,Diwali
275,C028,29,1,02-03-2023,4.13.47 AM,05-03-2023,1.17.39 AM,Ranchi,Holi
276,C065,15,2,28-05-2023,1.34.06 AM,01-06-2023,7.05.33 AM,Muzaffarpur,Anniversary
277,C062,34,5,23-08-2023,7.16.40 PM,29-08-2023,3.50.18 PM,Bhilai,Raksha Bandhan
278,C044,1,2,20-06-2023,11.33.52 PM,24-06-2023,5.42.44 AM,Ballia,All Occasions
279,C067,23,4,24-11-2023,9.14.46 AM,26-11-2023,5.51.23 PM,Chinsurah,Anniversary
280,C003,19,3,07-02-2023,5.44.47 PM,12-02-2023,4.31.05 PM,Mangalore,Valentine's Day
281,C008,15,3,21-09-2023,8.36.47 PM,25-09-2023,10.27.14 AM,Nellore,Anniversary
282,C092,41,2,11-11-2023,10.20.49 AM,19-11-2023,10.11.40 PM,Mangalore,Diwali
283,C086,23,2,23-11-2023,2.51.34 AM,30-11-2023,6.21.40 PM,Erode,Anniversary
284,C057,17,1,10-08-2023,4.13.04 PM,16-08-2023,11.21.57 AM,Aurangabad,Anniversary
285,C082,7,5,26-02-2023,5.26.44 PM,01-03-2023,12.52.20 PM,Tirunelveli,Holi
286,C098,50,3,06-03-2023,8.05.40 PM,12-03-2023,2.41.27 AM,Mango,Holi
287,C011,7,5,03-03-2023,4.54.04 AM,06-03-2023,3.39.57 PM,Muzaffarnagar,Holi
288,C035,34,2,21-08-2023,3.58.58 PM,23-08-2023,8.42.36 PM,Ballia,Raksha Bandhan
289,C018,30,4,29-08-2023,11.40.01 PM,06-09-2023,2.50.06 AM,Imphal,Anniversary
290,C079,69,3,06-03-2023,10.27.18 AM,10-03-2023,2.33.34 PM,Alwar,Holi
291,C072,49,2,10-02-2023,12.12.40 AM,11-02-2023,10.52.51 PM,Nadiad,Valentine's Day
292,C053,54,1,27-09-2023,10.43.35 PM,03-10-2023,1.44.47 AM,Howrah,Anniversary
293,C003,1,4,04-09-2023,4.03.47 AM,09-09-2023,6.10.36 PM,Tezpur,All Occasions
294,C047,26,5,01-03-2023,9.04.18 PM,03-03-2023,7.44.54 PM,Nagpur,Holi
295,C079,18,1,29-05-2023,3.54.09 PM,02-06-2023,10.06.42 AM,Tadepalligudem,Birthday
296,C081,70,5,01-04-2023,11.55.14 AM,11-04-2023,7.33.46 PM,Tirunelveli,Birthday
297,C047,13,3,28-02-2023,8.15.29 PM,05-03-2023,8.52.27 PM,Phagwara,Holi
298,C057,3,1,11-02-2023,11.06.29 PM,12-02-2023,2.17.43 AM,Bahraich,Valentine's Day
299,C091,8,5,08-11-2023,11.51.21 AM,17-11-2023,1.17.51 PM,Vellore,Anniversary
300,C032,22,1,29-08-2023,7.20.05 PM,08-09-2023,6.25.16 PM,Tinsukia,All Occasions
301,C070,6,3,27-02-2023,6.24.22 AM,04-03-2023,4.52.16 PM,Kota,Holi
302,C071,25,4,24-10-2023,1.53.05 PM,25-10-2023,5.13.25 PM,Dhanbad,Anniversary
303,C051,14,1,20-11-2023,6.42.57 AM,29-11-2023,7.08.02 AM,Narasaraopet,Birthday
304,C088,67,3,12-03-2023,9.24.28 AM,19-03-2023,11.09.37 PM,Tiruchirappalli,Anniversary
305,C003,26,1,02-03-2023,12.10.44 AM,10-03-2023,2.01.05 PM,Lucknow,Holi
306,C085,49,4,04-02-2023,11.35.51 AM,12-02-2023,6.38.00 AM,Bellary,Valentine's Day
307,C042,3,1,04-02-2023,9.37.54 PM,08-02-2023,11.28.10 AM,Durgapur,Valentine's Day
308,C005,57,1,09-03-2023,7.54.11 AM,12-03-2023,12.11.24 PM,Haldia,Birthday
309,C071,60,4,10-11-2023,6.38.43 AM,13-11-2023,5.14.33 AM,Mangalore,Diwali
310,C061,38,3,20-08-2023,12.24.22 PM,24-08-2023,3.42.48 PM,Bhalswa Jahangir Pur,Birthday
311,C051,39,2,02-09-2023,9.26.47 AM,12-09-2023,5.51.43 PM,Mehsana,All Occasions
312,C044,9,1,22-08-2023,6.27.36 PM,27-08-2023,6.01.14 AM,Akola,Raksha Bandhan
313,C056,30,2,22-07-2023,7.24.29 PM,26-07-2023,6.06.13 AM,Thane,Anniversary
314,C029,43,4,05-11-2023,11.48.41 AM,15-11-2023,4.55.25 AM,Patiala,Diwali
315,C063,26,5,06-03-2023,2.21.31 PM,09-03-2023,7.20.21 PM,Ambattur,Holi
316,C048,2,5,11-02-2023,9.35.05 PM,15-02-2023,7.21.50 AM,Muzaffarnagar,Valentine's Day
317,C014,29,3,07-03-2023,6.51.27 PM,15-03-2023,4.12.50 PM,Ahmednagar,Holi
318,C038,26,5,07-03-2023,12.15.49 PM,11-03-2023,3.59.47 PM,Hosur,Holi
319,C044,64,1,20-08-2023,6.23.07 AM,26-08-2023,10.44.23 PM,Bikaner,Raksha Bandhan
320,C007,13,1,01-03-2023,7.49.55 AM,08-03-2023,8.38.21 AM,Bijapur,Holi
321,C049,12,5,08-03-2023,11.27.05 AM,17-03-2023,9.51.43 AM,Rampur,Anniversary
322,C056,15,1,11-04-2023,8.32.11 AM,15-04-2023,3.30.27 AM,Udaipur,Anniversary
323,C013,23,2,09-02-2023,6.13.04 PM,10-02-2023,10.22.35 AM,Khora ,Anniversary
324,C073,14,2,02-02-2023,6.47.28 PM,11-02-2023,3.34.54 PM,North Dumdum,Birthday
325,C091,27,5,25-08-2023,6.30.45 PM,04-09-2023,8.02.37 PM,Amritsar,Raksha Bandhan
326,C088,34,3,27-08-2023,3.39.05 PM,03-09-2023,3.33.32 PM,Panchkula,Raksha Bandhan
327,C048,51,1,24-09-2023,9.29.05 AM,26-09-2023,8.09.05 PM,Muzaffarnagar,All Occasions
328,C024,23,3,17-04-2023,5.51.38 PM,22-04-2023,8.59.18 AM,Maheshtala,Anniversary
329,C095,17,3,26-08-2023,2.22.03 AM,04-09-2023,3.08.52 AM,Nashik,Anniversary
330,C059,59,2,24-08-2023,8.25.09 PM,01-09-2023,12.26.20 PM,Shahjahanpur,Raksha Bandhan
331,C023,41,5,04-11-2023,9.49.56 PM,05-11-2023,2.13.32 PM,Patna,Diwali
332,C052,20,5,11-04-2023,8.14.13 PM,18-04-2023,2.10.44 PM,Khammam,Anniversary
333,C100,22,5,09-02-2023,6.19.15 AM,10-02-2023,3.46.29 AM,South Dumdum,All Occasions
334,C066,53,1,28-08-2023,9.19.46 PM,01-09-2023,10.03.03 PM,Patiala,Raksha Bandhan
335,C013,17,2,06-11-2023,2.09.35 AM,08-11-2023,2.23.24 AM,Sri Ganganagar,Anniversary
336,C069,53,1,20-08-2023,4.32.24 AM,25-08-2023,7.54.17 PM,Tiruchirappalli,Raksha Bandhan
337,C008,24,3,16-05-2023,2.21.12 PM,22-05-2023,8.26.13 PM,Siwan,Birthday
338,C087,21,3,20-08-2023,2.15.51 PM,28-08-2023,1.34.07 AM,Panchkula,Raksha Bandhan
339,C083,8,1,20-09-2023,8.07.19 PM,29-09-2023,10.50.19 AM,Sirsa,Anniversary
340,C076,38,3,14-07-2023,7.53.01 AM,22-07-2023,2.56.01 AM,Davanagere,Birthday
341,C028,9,2,20-08-2023,2.54.35 PM,30-08-2023,10.32.13 PM,Ongole,Raksha Bandhan
342,C062,36,5,03-11-2023,4.03.43 AM,08-11-2023,4.26.16 PM,Salem,Birthday
343,C006,66,3,06-03-2023,2.12.40 PM,09-03-2023,9.27.05 AM,Parbhani,Holi
344,C020,28,5,29-08-2023,5.06.22 PM,03-09-2023,6.28.07 AM,Tiruvottiyur,Raksha Bandhan
345,C056,45,4,15-09-2023,3.40.42 PM,23-09-2023,11.11.31 PM,Bellary,Birthday
346,C090,50,1,04-03-2023,11.24.17 PM,12-03-2023,4.46.34 PM,Pondicherry,Holi
347,C034,34,2,29-08-2023,9.46.21 AM,08-09-2023,8.37.09 AM,Shimoga,Raksha Bandhan
348,C060,30,2,28-11-2023,8.33.37 PM,07-12-2023,12.02.59 PM,Kalyan-Dombivli,Anniversary
349,C017,44,4,11-11-2023,3.32.37 AM,12-11-2023,10.31.13 AM,Junagadh,Diwali
350,C020,19,3,13-02-2023,12.22.57 PM,22-02-2023,4.26.10 PM,Kolkata,Valentine's Day
351,C099,1,1,16-01-2023,3.11.07 PM,25-01-2023,10.29.59 PM,Bhilai,All Occasions
352,C080,28,1,23-08-2023,11.49.45 PM,02-09-2023,9.14.52 AM,Bellary,Raksha Bandhan
353,C089,55,2,21-08-2023,9.43.27 AM,24-08-2023,2.12.14 PM,Korba,Raksha Bandhan
354,C087,13,5,26-02-2023,5.25.28 PM,06-03-2023,9.43.32 AM,Narasaraopet,Holi
355,C099,10,1,24-12-2023,4.52.44 AM,02-01-2024,9.38.33 AM,Satara,Birthday
356,C028,14,1,08-07-2023,12.41.40 AM,09-07-2023,4.31.42 AM,Panvel,Birthday
357,C063,62,4,03-03-2023,8.01.18 PM,13-03-2023,8.55.34 PM,Kavali,Holi
358,C040,55,1,20-08-2023,4.53.29 PM,25-08-2023,1.30.37 PM,Secunderabad,Raksha Bandhan
359,C052,47,2,28-02-2023,12.13.36 PM,05-03-2023,8.31.30 PM,Nagpur,Holi
360,C099,41,1,06-11-2023,3.11.57 AM,09-11-2023,5.45.31 PM,Belgaum,Diwali
361,C049,47,4,03-03-2023,6.09.56 AM,11-03-2023,8.33.10 AM,Rajkot,Holi
362,C041,31,2,10-03-2023,3.40.01 AM,17-03-2023,10.35.23 AM,Nashik,All Occasions
363,C022,15,2,27-11-2023,7.01.01 PM,05-12-2023,1.50.36 AM,Bhavnagar,Anniversary
364,C003,43,3,08-11-2023,6.09.01 AM,09-11-2023,4.37.33 AM,Satara,Diwali
365,C028,8,5,01-06-2023,3.31.47 PM,04-06-2023,10.15.29 AM,Agra,Anniversary
366,C033,3,3,08-02-2023,11.15.47 PM,16-02-2023,10.51.38 AM,Kolkata,Valentine's Day
367,C010,47,5,03-03-2023,12.44.09 AM,12-03-2023,3.05.03 PM,South Dumdum,Holi
368,C042,6,3,04-03-2023,11.03.22 PM,06-03-2023,2.52.10 AM,Nashik,Holi
369,C014,63,3,07-08-2023,7.23.44 AM,15-08-2023,4.28.30 AM,Jammu,All Occasions
370,C073,54,2,09-07-2023,5.57.39 AM,13-07-2023,7.01.40 PM,Danapur,Anniversary
371,C090,23,4,15-05-2023,1.27.58 AM,19-05-2023,10.28.47 AM,Davanagere,Anniversary
372,C006,25,3,08-11-2023,7.04.25 PM,18-11-2023,6.28.46 PM,Kamarhati,Anniversary
373,C026,65,2,07-06-2023,8.49.11 PM,10-06-2023,11.57.40 PM,North Dumdum,All Occasions
374,C087,4,1,07-11-2023,7.47.32 AM,09-11-2023,10.32.44 PM,Guna,Diwali
375,C091,46,1,11-02-2023,4.16.25 AM,20-02-2023,7.37.38 PM,Mysore,Anniversary
376,C097,10,2,14-05-2023,8.18.32 PM,19-05-2023,11.48.02 PM,Bulandshahr,Birthday
377,C013,55,4,26-08-2023,8.34.06 AM,31-08-2023,11.47.09 AM,Ghaziabad,Raksha Bandhan
378,C040,6,2,01-03-2023,11.30.20 AM,08-03-2023,7.26.52 PM,Hindupur,Holi
379,C078,66,1,03-03-2023,11.31.41 PM,06-03-2023,10.44.03 AM,Bhavnagar,Holi
380,C009,60,4,08-11-2023,1.33.02 PM,15-11-2023,11.40.37 PM,Bidhannagar,Diwali
381,C013,25,3,25-01-2023,6.30.03 PM,28-01-2023,6.21.06 AM,Tiruchirappalli,Anniversary
382,C003,24,1,03-06-2023,10.02.19 AM,13-06-2023,9.53.48 PM,Kamarhati,Birthday
383,C016,37,1,06-11-2023,12.16.45 AM,08-11-2023,8.09.52 PM,Panchkula,Diwali
384,C004,25,3,11-05-2023,4.57.57 PM,15-05-2023,1.57.13 PM,Bhilai,Anniversary
385,C002,50,4,03-03-2023,1.16.01 AM,08-03-2023,10.46.18 AM,Alwar,Holi
386,C091,5,4,04-06-2023,12.47.45 PM,14-06-2023,9.34.41 PM,Jalandhar,All Occasions
387,C061,1,2,30-04-2023,5.38.25 AM,09-05-2023,2.15.58 AM,Ahmedabad,All Occasions
388,C066,36,2,10-11-2023,12.15.10 AM,18-11-2023,10.37.06 AM,Jalna,Birthday
389,C061,29,2,06-03-2023,3.26.18 AM,16-03-2023,6.13.40 PM,Mahbubnagar,Holi
390,C043,26,4,03-03-2023,3.40.56 PM,10-03-2023,11.02.07 PM,Akola,Holi
391,C083,22,4,29-12-2023,1.44.06 PM,07-01-2024,12.58.41 PM,Bareilly,All Occasions
392,C085,4,2,05-11-2023,3.18.55 AM,06-11-2023,6.53.09 PM,Gangtok,Diwali
393,C087,17,5,14-11-2023,11.01.18 AM,22-11-2023,4.10.46 PM,Solapur,Anniversary
394,C028,38,5,23-03-2023,4.26.37 AM,31-03-2023,7.25.58 PM,Dewas,Birthday
395,C067,26,2,03-03-2023,11.14.54 PM,06-03-2023,6.32.37 PM,Hosur,Holi
396,C068,10,5,15-03-2023,3.30.58 PM,16-03-2023,1.45.01 AM,Tiruvottiyur,Birthday
397,C034,4,5,09-11-2023,6.48.09 AM,14-11-2023,1.32.34 PM,Junagadh,Diwali
398,C080,54,1,05-05-2023,8.45.21 AM,15-05-2023,10.01.43 AM,Dehradun,Anniversary
399,C008,68,1,08-02-2023,6.21.47 AM,15-02-2023,7.08.14 AM,Bareilly,Valentine's Day
400,C083,45,3,07-05-2023,2.05.01 PM,15-05-2023,6.10.53 PM,Kumbakonam,Birthday
401,C089,9,5,29-08-2023,7.53.33 PM,04-09-2023,7.19.07 AM,Bharatpur,Raksha Bandhan
402,C037,29,1,05-03-2023,4.42.29 PM,08-03-2023,1.32.50 PM,Thrissur,Holi
403,C075,57,1,06-01-2023,11.45.28 AM,16-01-2023,8.13.26 PM,Chapra,Birthday
404,C055,21,5,22-08-2023,7.55.20 AM,24-08-2023,10.27.19 PM,South Dumdum,Raksha Bandhan
405,C033,49,1,10-02-2023,11.05.14 PM,18-02-2023,2.47.38 PM,Guwahati,Valentine's Day
406,C049,55,4,25-08-2023,3.59.17 PM,02-09-2023,6.23.53 AM,Srikakulam,Raksha Bandhan
407,C074,69,3,26-02-2023,8.52.11 AM,28-02-2023,4.09.44 AM,Jamalpur,Holi
408,C063,31,2,05-03-2023,12.19.26 PM,11-03-2023,4.41.38 AM,Haldia,All Occasions
409,C049,50,4,26-02-2023,5.43.59 PM,28-02-2023,7.44.57 PM,Khammam,Holi
410,C025,24,1,01-01-2023,8.20.49 PM,02-01-2023,5.57.06 AM,Surendranagar Dudhrej,Birthday
411,C006,48,1,05-11-2023,4.31.34 PM,08-11-2023,7.21.26 AM,Nadiad,Diwali
412,C081,67,2,28-10-2023,9.28.24 AM,31-10-2023,11.14.27 PM,Maheshtala,Anniversary
413,C050,59,5,22-08-2023,5.32.17 AM,30-08-2023,8.21.11 PM,Amritsar,Raksha Bandhan
414,C034,7,4,28-02-2023,9.18.11 PM,07-03-2023,1.07.31 AM,Raurkela Industrial Township,Holi
415,C065,14,4,08-06-2023,8.08.30 PM,10-06-2023,1.20.56 AM,Hajipur,Birthday
416,C006,58,5,12-02-2023,4.41.02 PM,17-02-2023,9.37.01 AM,Saharanpur,Valentine's Day
417,C004,62,4,07-03-2023,10.40.40 PM,11-03-2023,5.56.33 AM,Khammam,Holi
418,C069,64,3,24-08-2023,1.17.22 PM,01-09-2023,11.37.10 AM,Karimnagar,Raksha Bandhan
419,C065,47,3,05-03-2023,5.18.51 PM,11-03-2023,1.53.36 PM,Agartala,Holi
420,C039,6,3,27-02-2023,8.36.20 AM,28-02-2023,12.07.29 AM,Kota,Holi
421,C066,38,4,08-08-2023,8.16.30 PM,12-08-2023,7.04.00 PM,Serampore,Birthday
422,C044,53,2,20-08-2023,3.03.58 AM,29-08-2023,4.05.39 AM,Eluru,Raksha Bandhan
423,C067,19,1,11-02-2023,4.46.58 PM,17-02-2023,12.10.05 AM,Alappuzha,Valentine's Day
424,C072,7,4,01-03-2023,3.04.56 AM,09-03-2023,10.27.03 AM,Kishanganj,Holi
425,C071,56,1,30-09-2023,12.02.06 AM,09-10-2023,10.59.28 PM,North Dumdum,Anniversary
426,C073,2,2,13-02-2023,10.59.54 PM,17-02-2023,1.51.00 PM,Kharagpur,Valentine's Day
427,C042,48,5,03-11-2023,7.56.32 AM,13-11-2023,10.46.12 PM,Gudivada,Diwali
428,C038,10,2,06-12-2023,3.32.38 AM,12-12-2023,7.37.01 PM,Khora ,Birthday
429,C007,9,5,22-08-2023,10.46.57 PM,31-08-2023,12.43.52 PM,Bahraich,Raksha Bandhan
430,C045,27,2,27-08-2023,7.20.30 AM,31-08-2023,10.03.32 AM,Rourkela,Raksha Bandhan
431,C057,1,4,13-12-2023,7.13.43 PM,19-12-2023,9.02.24 PM,Varanasi,All Occasions
432,C092,12,4,05-01-2023,12.09.27 PM,13-01-2023,7.40.38 PM,Ballia,Anniversary
433,C068,7,5,26-02-2023,11.33.51 PM,02-03-2023,4.19.56 AM,Amravati,Holi
434,C020,51,4,28-11-2023,7.23.06 AM,29-11-2023,7.43.32 PM,Kirari Suleman Nagar,All Occasions
435,C017,53,4,22-08-2023,5.27.30 PM,27-08-2023,12.35.14 PM,Mira-Bhayandar,Raksha Bandhan
436,C058,8,1,27-01-2023,6.08.00 AM,03-02-2023,8.15.49 AM,Salem,Anniversary
437,C010,55,1,24-08-2023,6.30.47 AM,27-08-2023,10.56.38 PM,Uluberia,Raksha Bandhan
438,C037,34,2,26-08-2023,9.27.17 AM,27-08-2023,3.18.31 AM,Tadepalligudem,Raksha Bandhan
439,C037,12,3,13-12-2023,8.56.11 AM,22-12-2023,12.51.06 PM,Hyderabad,Anniversary
440,C018,13,4,07-03-2023,9.33.31 AM,09-03-2023,1.21.29 AM,Gudivada,Holi
441,C052,26,2,26-02-2023,11.23.56 AM,06-03-2023,4.38.50 PM,Kurnool,Holi
442,C023,3,3,08-02-2023,6.03.20 PM,15-02-2023,8.05.39 AM,Khandwa,Valentine's Day
443,C046,49,3,04-02-2023,10.22.19 PM,13-02-2023,2.16.00 AM,Secunderabad,Valentine's Day
444,C021,60,3,02-11-2023,1.01.13 AM,09-11-2023,9.54.20 AM,Jalna,Diwali
445,C047,30,5,14-06-2023,8.08.42 PM,15-06-2023,2.22.27 PM,Karnal,Anniversary
446,C079,33,5,12-02-2023,2.54.04 AM,15-02-2023,11.03.28 AM,Bokaro,Valentine's Day
447,C032,47,4,27-02-2023,2.45.34 AM,04-03-2023,3.04.56 PM,Bhilwara,Holi
448,C086,16,1,02-03-2023,2.42.54 AM,03-03-2023,1.42.24 PM,Bulandshahr,Holi
449,C045,49,4,13-02-2023,3.18.26 AM,16-02-2023,10.09.41 AM,Ichalkaranji,Valentine's Day
450,C096,39,5,02-12-2023,7.58.05 AM,12-12-2023,10.09.58 AM,Sri Ganganagar,All Occasions
451,C079,33,5,07-02-2023,12.16.52 AM,13-02-2023,9.10.57 PM,Ujjain,Valentine's Day
452,C045,70,3,09-07-2023,7.57.29 PM,17-07-2023,11.42.18 AM,Mahbubnagar,Birthday
453,C032,27,2,21-08-2023,10.11.39 AM,31-08-2023,12.28.21 PM,Varanasi,Raksha Bandhan
454,C088,3,2,07-02-2023,11.26.49 PM,09-02-2023,1.21.56 AM,Suryapet,Valentine's Day
455,C072,1,2,20-10-2023,10.33.50 PM,25-10-2023,6.04.20 PM,Eluru,All Occasions
456,C071,33,2,12-02-2023,10.51.39 PM,15-02-2023,10.14.06 PM,Nangloi Jat,Valentine's Day
457,C036,22,5,27-05-2023,1.55.39 PM,29-05-2023,4.38.25 PM,Mirzapur,All Occasions
458,C054,32,2,19-07-2023,5.21.30 PM,24-07-2023,8.32.44 PM,Ramgarh,Birthday
459,C093,12,2,29-03-2023,7.24.55 AM,30-03-2023,7.34.31 AM,Ranchi,Anniversary
460,C007,29,2,04-03-2023,7.58.33 AM,06-03-2023,12.07.26 AM,Kolhapur,Holi
461,C083,12,4,22-06-2023,8.12.37 AM,27-06-2023,2.52.56 PM,Srinagar,Anniversary
462,C069,60,5,04-11-2023,6.10.06 PM,13-11-2023,2.20.14 PM,Kirari Suleman Nagar,Diwali
463,C078,18,3,24-09-2023,10.23.47 PM,30-09-2023,12.52.03 AM,Hazaribagh,Birthday
464,C014,18,3,05-07-2023,3.04.25 AM,08-07-2023,1.38.45 PM,Buxar,Birthday
465,C029,55,5,23-08-2023,11.46.12 PM,26-08-2023,1.29.11 PM,Madurai,Raksha Bandhan
466,C053,23,1,03-10-2023,1.58.22 PM,11-10-2023,9.59.41 AM,Bally,Anniversary
467,C056,53,1,28-08-2023,2.18.44 PM,02-09-2023,3.20.11 PM,Gandhidham,Raksha Bandhan
468,C007,5,2,25-07-2023,7.57.26 AM,04-08-2023,1.24.47 AM,Rajahmundry,All Occasions
469,C051,42,4,15-12-2023,7.06.00 AM,19-12-2023,12.56.49 PM,Kamarhati,All Occasions
470,C031,47,5,28-02-2023,5.34.04 PM,06-03-2023,3.29.29 PM,Bhavnagar,Holi
471,C092,23,2,31-01-2023,12.09.01 PM,10-02-2023,5.50.06 AM,Tirunelveli,Anniversary
472,C015,56,1,24-12-2023,7.32.38 AM,30-12-2023,10.46.18 PM,Khammam,Anniversary
473,C061,22,3,28-03-2023,8.13.57 AM,04-04-2023,3.44.18 PM,Giridih,All Occasions
474,C051,1,4,07-02-2023,6.31.59 AM,14-02-2023,2.00.07 AM,Dibrugarh,All Occasions
475,C099,46,2,04-12-2023,7.21.23 AM,08-12-2023,1.32.22 PM,Jalgaon,Anniversary
476,C067,40,2,18-09-2023,1.17.18 AM,20-09-2023,5.53.14 PM,Moradabad,Anniversary
477,C099,33,4,12-02-2023,5.18.09 PM,14-02-2023,3.11.52 AM,Gangtok,Valentine's Day
478,C003,11,5,08-02-2023,1.11.21 AM,09-02-2023,9.50.19 AM,Ambarnath,Valentine's Day
479,C071,11,1,07-02-2023,5.48.21 PM,11-02-2023,10.48.13 AM,Ghaziabad,Valentine's Day
480,C059,62,4,06-03-2023,4.29.31 AM,16-03-2023,10.19.33 PM,Sagar,Holi
481,C044,12,5,21-08-2023,12.00.53 AM,25-08-2023,6.36.25 PM,Bhiwandi,Anniversary
482,C050,23,3,05-06-2023,8.33.38 PM,14-06-2023,8.56.35 PM,Ludhiana,Anniversary
483,C007,59,2,28-08-2023,6.25.03 AM,31-08-2023,5.06.02 AM,Pallavaram,Raksha Bandhan
484,C034,1,5,26-05-2023,7.03.55 PM,03-06-2023,7.32.17 PM,Morena,All Occasions
485,C029,43,4,06-11-2023,7.20.24 PM,14-11-2023,7.27.14 PM,Bhubaneswar,Diwali
486,C030,24,1,25-07-2023,2.34.30 PM,30-07-2023,4.58.35 PM,Ambattur,Birthday
487,C053,51,1,05-01-2023,4.46.57 PM,09-01-2023,4.28.18 AM,Sasaram,All Occasions
488,C025,21,4,28-08-2023,10.13.30 PM,29-08-2023,5.26.49 AM,Nizamabad,Raksha Bandhan
489,C072,10,1,28-08-2023,10.26.56 PM,02-09-2023,4.30.46 AM,Kirari Suleman Nagar,Birthday
490,C075,2,1,12-02-2023,12.28.03 PM,14-02-2023,12.27.19 PM,Eluru,Valentine's Day
491,C095,30,1,24-10-2023,6.14.34 AM,02-11-2023,10.59.20 PM,Muzaffarnagar,Anniversary
492,C047,33,2,04-02-2023,1.54.25 PM,13-02-2023,12.04.33 PM,Salem,Valentine's Day
493,C035,11,1,05-02-2023,10.11.24 PM,06-02-2023,3.43.11 PM,Gopalpur,Valentine's Day
494,C082,7,4,28-02-2023,3.11.22 AM,08-03-2023,7.06.48 PM,Rewa,Holi
495,C007,20,1,28-08-2023,5.42.29 PM,29-08-2023,10.51.31 PM,Pimpri-Chinchwad,Anniversary
496,C021,11,4,09-02-2023,2.31.57 PM,16-02-2023,1.05.41 PM,Sambhal,Valentine's Day
497,C081,64,2,29-08-2023,8.14.01 PM,01-09-2023,4.42.56 AM,Alwar,Raksha Bandhan
498,C100,19,4,13-02-2023,9.34.44 PM,20-02-2023,9.14.24 PM,Bhusawal,Valentine's Day
499,C031,59,1,27-08-2023,12.09.20 PM,02-09-2023,10.03.32 AM,Ichalkaranji,Raksha Bandhan
500,C013,61,2,29-06-2023,10.07.52 AM,05-07-2023,12.14.25 PM,Bongaigaon,Anniversary
501,C066,46,2,02-09-2023,4.27.41 PM,08-09-2023,7.33.36 AM,Navi Mumbai,Anniversary
502,C099,22,5,24-06-2023,5.33.20 AM,30-06-2023,12.55.44 AM,Munger,All Occasions
503,C020,34,1,29-08-2023,8.45.45 PM,06-09-2023,7.49.54 AM,Dehri,Raksha Bandhan
504,C058,25,1,14-07-2023,1.04.42 PM,24-07-2023,5.20.36 AM,Meerut,Anniversary
505,C028,45,3,02-06-2023,1.19.25 PM,05-06-2023,1.59.32 AM,Allahabad,Birthday
506,C058,55,4,27-08-2023,8.52.04 AM,02-09-2023,11.43.24 AM,Thrissur,Raksha Bandhan
507,C028,13,4,07-03-2023,12.28.11 AM,13-03-2023,8.11.36 PM,Malda,Holi
508,C035,69,1,26-02-2023,5.29.28 PM,04-03-2023,7.11.06 AM,Varanasi,Holi
509,C003,13,5,05-03-2023,12.48.55 PM,09-03-2023,7.47.16 AM,Uluberia,Holi
510,C017,54,5,08-12-2023,1.00.05 PM,17-12-2023,6.14.47 AM,Panipat,Anniversary
511,C055,47,2,27-02-2023,12.58.05 PM,04-03-2023,12.46.11 AM,Dibrugarh,Holi
512,C008,41,1,05-11-2023,2.42.41 AM,11-11-2023,1.10.40 PM,Ranchi,Diwali
513,C088,1,4,27-03-2023,9.57.32 AM,02-04-2023,1.56.41 PM,Nandyal,All Occasions
514,C090,24,1,01-01-2023,9.56.10 AM,09-01-2023,5.56.52 PM,Allahabad,Birthday
515,C078,14,5,21-10-2023,11.22.39 PM,27-10-2023,2.59.49 PM,Unnao,Birthday
516,C020,22,2,05-07-2023,8.52.56 PM,06-07-2023,1.06.20 AM,Gaya,All Occasions
517,C064,60,5,09-11-2023,1.01.13 AM,17-11-2023,7.04.55 PM,Aligarh,Diwali
518,C045,45,3,09-04-2023,4.46.41 AM,15-04-2023,7.40.46 PM,Ahmednagar,Birthday
519,C014,52,4,07-02-2023,11.10.38 PM,15-02-2023,6.40.20 AM,Hindupur,Valentine's Day
520,C026,14,5,07-04-2023,4.43.51 AM,08-04-2023,8.21.40 AM,Mysore,Birthday
521,C062,33,5,04-02-2023,9.00.17 PM,08-02-2023,2.28.38 AM,Noida,Valentine's Day
522,C011,50,3,27-02-2023,9.04.28 PM,08-03-2023,1.34.50 AM,Avadi,Holi
523,C071,30,3,02-07-2023,1.37.08 PM,09-07-2023,3.38.36 PM,Muzaffarpur,Anniversary
524,C084,45,1,15-08-2023,1.54.54 PM,22-08-2023,12.29.47 PM,Jalandhar,Birthday
525,C033,16,2,02-03-2023,8.06.08 PM,11-03-2023,10.22.35 PM,Bhagalpur,Holi
526,C008,13,5,02-03-2023,6.06.20 AM,08-03-2023,1.35.05 AM,Bangalore,Holi
527,C036,33,3,11-02-2023,12.51.40 PM,19-02-2023,3.58.07 PM,Bardhaman,Valentine's Day
528,C001,27,3,27-08-2023,5.01.16 AM,30-08-2023,5.03.43 PM,Tirunelveli,Raksha Bandhan
529,C013,64,2,25-08-2023,3.47.28 PM,28-08-2023,2.05.18 PM,Madurai,Raksha Bandhan
530,C008,5,2,19-08-2023,10.45.21 AM,27-08-2023,12.23.56 AM,Delhi,All Occasions
531,C029,28,5,29-08-2023,1.32.08 PM,07-09-2023,8.43.11 AM,Dehradun,Raksha Bandhan
532,C036,30,5,02-09-2023,1.25.06 PM,10-09-2023,2.55.07 AM,Bharatpur,Anniversary
533,C006,14,3,18-04-2023,7.19.52 AM,20-04-2023,5.43.45 PM,Raurkela Industrial Township,Birthday
534,C061,31,2,27-11-2023,3.40.16 AM,04-12-2023,11.22.37 AM,Naihati,All Occasions
535,C017,25,3,08-07-2023,9.59.28 PM,11-07-2023,6.30.40 AM,Saharsa,Anniversary
536,C048,59,3,25-08-2023,3.14.52 PM,30-08-2023,11.13.10 AM,Kota,Raksha Bandhan
537,C064,42,3,17-10-2023,6.19.24 AM,25-10-2023,3.09.08 AM,Korba,All Occasions
538,C097,24,5,18-05-2023,1.09.06 PM,19-05-2023,10.36.16 PM,Ghaziabad,Birthday
539,C056,20,3,09-06-2023,3.39.18 PM,16-06-2023,2.17.05 PM,Jehanabad,Anniversary
540,C082,22,4,06-09-2023,7.07.35 PM,09-09-2023,1.26.00 AM,Morbi,All Occasions
541,C007,24,3,13-11-2023,5.51.09 AM,16-11-2023,10.56.34 PM,Sasaram,Birthday
542,C051,54,5,07-07-2023,7.41.20 PM,12-07-2023,9.52.12 AM,Satara,Anniversary
543,C023,51,4,12-02-2023,9.51.10 PM,17-02-2023,11.53.09 AM,Saharanpur,All Occasions
544,C030,29,2,01-03-2023,2.31.54 AM,11-03-2023,9.33.52 AM,Belgaum,Holi
545,C083,9,5,20-08-2023,1.54.52 AM,26-08-2023,8.07.19 AM,Ratlam,Raksha Bandhan
546,C064,25,3,02-02-2023,10.04.53 PM,11-02-2023,10.00.07 AM,Motihari,Anniversary
547,C088,30,5,10-01-2023,2.30.12 AM,19-01-2023,1.56.41 PM,Ahmedabad,Anniversary
548,C012,25,2,21-02-2023,12.32.50 PM,22-02-2023,7.47.44 PM,Gorakhpur,Anniversary
549,C021,64,1,22-08-2023,7.29.43 PM,01-09-2023,2.29.10 AM,Erode,Raksha Bandhan
550,C023,29,5,27-02-2023,7.28.12 PM,05-03-2023,5.03.39 PM,Bettiah,Holi
551,C088,67,1,19-04-2023,8.43.42 PM,23-04-2023,3.25.04 PM,Kurnool,Anniversary
552,C064,31,3,10-05-2023,6.59.31 PM,11-05-2023,5.09.07 PM,Tezpur,All Occasions
553,C084,39,2,22-08-2023,1.22.41 AM,26-08-2023,7.43.27 AM,Alwar,All Occasions
554,C045,29,4,28-02-2023,8.25.07 PM,03-03-2023,4.49.01 PM,Sangli-Miraj & Kupwad,Holi
555,C100,56,4,28-06-2023,12.05.43 PM,30-06-2023,5.58.12 PM,Ratlam,Anniversary
556,C073,17,1,13-12-2023,3.34.22 PM,21-12-2023,3.49.48 PM,Cuttack,Anniversary
557,C039,47,3,01-03-2023,3.00.42 AM,08-03-2023,2.10.39 AM,Kavali,Holi
558,C091,64,3,22-08-2023,12.42.58 AM,25-08-2023,12.24.52 AM,Muzaffarpur,Raksha Bandhan
559,C084,45,1,19-12-2023,4.37.11 PM,26-12-2023,6.35.43 PM,Mau,Birthday
560,C019,39,2,04-08-2023,12.52.20 PM,09-08-2023,9.50.53 AM,Avadi,All Occasions
561,C099,49,5,12-02-2023,12.24.35 PM,21-02-2023,5.23.34 PM,Ghaziabad,Valentine's Day
562,C066,24,4,09-08-2023,9.18.20 AM,16-08-2023,1.34.07 AM,Ranchi,Birthday
563,C077,58,5,11-02-2023,11.43.18 AM,19-02-2023,5.04.29 AM,Jorhat,Valentine's Day
564,C007,40,1,07-04-2023,12.40.20 AM,15-04-2023,6.06.57 AM,Gandhinagar,Anniversary
565,C011,50,3,06-03-2023,5.28.16 PM,14-03-2023,1.12.47 PM,Mehsana,Holi
566,C054,42,4,12-05-2023,12.48.03 PM,14-05-2023,8.36.32 PM,Patna,All Occasions
567,C090,66,1,06-03-2023,6.11.59 AM,15-03-2023,6.57.04 PM,Unnao,Holi
568,C056,10,1,29-06-2023,8.55.39 PM,08-07-2023,1.16.14 PM,Bhubaneswar,Birthday
569,C027,53,2,28-08-2023,2.00.43 PM,04-09-2023,5.56.22 PM,Purnia,Raksha Bandhan
570,C056,69,3,28-02-2023,11.25.04 AM,09-03-2023,12.53.55 AM,Satna,Holi
571,C046,6,1,28-02-2023,9.38.25 AM,09-03-2023,4.26.01 AM,Bhatpara,Holi
572,C060,25,5,04-06-2023,3.48.37 PM,10-06-2023,10.11.48 AM,Kamarhati,Anniversary
573,C040,3,5,08-02-2023,2.52.06 AM,14-02-2023,2.57.06 AM,Thane,Valentine's Day
574,C064,29,3,02-03-2023,11.57.06 PM,06-03-2023,9.45.12 PM,Kozhikode,Holi
575,C076,49,2,06-02-2023,1.24.32 PM,09-02-2023,2.55.08 PM,Kota,Valentine's Day
576,C074,53,4,20-08-2023,7.04.37 AM,26-08-2023,8.01.59 AM,Aurangabad,Raksha Bandhan
577,C008,20,4,28-10-2023,2.51.26 PM,05-11-2023,6.50.45 PM,Hazaribagh,Anniversary
578,C008,18,4,31-07-2023,6.27.40 PM,06-08-2023,4.43.25 PM,Warangal,Birthday
579,C092,29,2,07-03-2023,9.38.40 PM,14-03-2023,10.45.06 AM,Maheshtala,Holi
580,C093,24,4,16-06-2023,10.03.12 PM,20-06-2023,12.25.42 PM,Bhatpara,Birthday
581,C082,18,2,02-07-2023,2.08.23 AM,11-07-2023,2.56.59 PM,Anand,Birthday
582,C019,3,4,04-02-2023,6.30.31 PM,05-02-2023,7.16.41 PM,Latur,Valentine's Day
583,C025,56,4,18-09-2023,4.47.25 PM,22-09-2023,7.58.33 PM,Hosur,Anniversary
584,C089,34,2,23-08-2023,7.39.30 AM,27-08-2023,4.10.28 PM,Eluru,Raksha Bandhan
585,C013,63,5,26-04-2023,6.32.41 PM,01-05-2023,1.52.06 AM,Bhubaneswar,All Occasions
586,C068,64,5,27-08-2023,9.04.38 PM,04-09-2023,4.30.39 PM,Bilaspur,Raksha Bandhan
587,C018,43,1,02-11-2023,12.51.24 AM,03-11-2023,10.41.06 AM,Panchkula,Diwali
588,C056,49,5,04-02-2023,6.37.00 AM,05-02-2023,9.21.57 PM,Kishanganj,Valentine's Day
589,C093,40,3,09-12-2023,9.23.17 PM,19-12-2023,1.21.34 AM,Lucknow,Anniversary
590,C006,23,2,19-01-2023,9.36.21 PM,23-01-2023,5.53.50 AM,Durg,Anniversary
591,C002,31,3,06-07-2023,12.56.00 PM,14-07-2023,12.00.51 AM,Surat,All Occasions
592,C007,47,5,07-03-2023,3.27.03 AM,11-03-2023,9.41.23 PM,Phusro,Holi
593,C016,58,3,05-02-2023,5.30.40 PM,12-02-2023,9.34.03 AM,Bhilai,Valentine's Day
594,C060,20,2,26-05-2023,9.26.03 PM,01-06-2023,4.59.28 AM,Varanasi,Anniversary
595,C022,51,4,08-11-2023,1.49.19 PM,15-11-2023,4.06.31 AM,Dhanbad,All Occasions
596,C046,50,1,05-03-2023,2.57.41 PM,14-03-2023,5.58.44 PM,Tiruppur,Holi
597,C074,16,1,01-03-2023,1.05.53 AM,06-03-2023,2.49.44 AM,Pimpri-Chinchwad,Holi
598,C054,37,3,11-11-2023,2.51.23 AM,18-11-2023,9.53.27 PM,Ratlam,Diwali
599,C004,34,1,21-08-2023,7.32.24 PM,24-08-2023,12.13.52 PM,Naihati,Raksha Bandhan
600,C095,47,4,07-03-2023,9.24.39 PM,09-03-2023,3.17.19 PM,Shimla,Holi
601,C030,1,4,14-03-2023,2.37.47 AM,18-03-2023,3.37.12 AM,Raurkela Industrial Township,All Occasions
602,C042,43,5,02-11-2023,10.17.25 AM,11-11-2023,6.02.00 AM,Buxar,Diwali
603,C079,8,3,29-05-2023,5.23.57 AM,07-06-2023,3.14.45 PM,Tiruvottiyur,Anniversary
604,C069,39,3,31-01-2023,7.54.56 PM,03-02-2023,9.24.38 PM,Tadipatri,All Occasions
605,C068,45,2,21-12-2023,10.21.06 PM,25-12-2023,8.49.33 PM,Kakinada,Birthday
606,C047,3,5,08-02-2023,2.13.13 AM,17-02-2023,7.31.32 AM,Sambalpur,Valentine's Day
607,C028,50,3,03-03-2023,1.50.25 AM,05-03-2023,9.52.56 AM,Bidhannagar,Holi
608,C030,55,5,28-08-2023,8.30.15 PM,01-09-2023,7.14.20 AM,Etawah,Raksha Bandhan
609,C024,25,5,27-10-2023,11.08.56 AM,28-10-2023,11.46.55 PM,Hazaribagh,Anniversary
610,C068,5,3,03-01-2023,5.25.41 PM,05-01-2023,12.11.36 AM,Sirsa,All Occasions
611,C056,28,2,22-08-2023,9.17.50 PM,28-08-2023,3.27.30 AM,Latur,Raksha Bandhan
612,C075,26,1,02-03-2023,10.22.25 AM,08-03-2023,12.39.50 PM,Shivpuri,Holi
613,C063,4,5,10-11-2023,5.54.34 PM,14-11-2023,7.18.27 PM,Gwalior,Diwali
614,C089,26,1,03-03-2023,3.36.13 PM,07-03-2023,6.51.41 PM,Aizawl,Holi
615,C020,28,3,25-08-2023,9.11.09 PM,01-09-2023,6.10.16 AM,Allahabad,Raksha Bandhan
616,C006,44,5,08-11-2023,11.57.57 PM,12-11-2023,7.20.59 PM,Phagwara,Diwali
617,C083,22,1,19-02-2023,2.53.42 AM,28-02-2023,5.01.34 PM,Uluberia,All Occasions
618,C073,60,4,05-11-2023,4.09.13 PM,15-11-2023,5.21.36 PM,Lucknow,Diwali
619,C091,35,1,06-03-2023,7.18.46 AM,16-03-2023,3.17.33 AM,Patiala,Holi
620,C074,67,3,11-07-2023,10.23.01 PM,18-07-2023,1.24.50 AM,Chapra,Anniversary
621,C070,64,3,20-08-2023,7.17.03 AM,28-08-2023,1.32.49 AM,Ahmedabad,Raksha Bandhan
622,C084,4,4,08-11-2023,2.13.32 PM,09-11-2023,3.59.02 PM,Bhiwandi,Diwali
623,C045,37,2,08-11-2023,1.37.50 PM,18-11-2023,2.25.39 PM,Lucknow,Diwali
624,C024,53,5,29-08-2023,9.19.59 AM,01-09-2023,8.29.54 AM,Ambala,Raksha Bandhan
625,C089,63,5,23-02-2023,9.15.42 PM,04-03-2023,2.46.06 AM,Belgaum,All Occasions
626,C024,40,5,23-09-2023,3.12.58 PM,27-09-2023,8.14.22 AM,Bellary,Anniversary
627,C024,51,4,05-02-2023,4.30.25 AM,08-02-2023,11.38.12 PM,Sirsa,All Occasions
628,C061,11,5,10-02-2023,9.50.27 PM,13-02-2023,9.07.46 PM,Ongole,Valentine's Day
629,C032,28,5,27-08-2023,9.09.01 AM,04-09-2023,3.31.23 PM,Sangli-Miraj & Kupwad,Raksha Bandhan
630,C071,67,3,21-02-2023,9.37.47 PM,01-03-2023,6.53.08 PM,Karimnagar,Anniversary
631,C044,32,4,13-04-2023,9.41.50 PM,17-04-2023,3.45.03 AM,Gopalpur,Birthday
632,C075,51,1,11-07-2023,10.35.01 PM,12-07-2023,11.32.50 AM,Adoni,All Occasions
633,C031,52,5,10-02-2023,2.44.42 PM,15-02-2023,5.12.46 AM,Surat,Valentine's Day
634,C038,57,3,07-05-2023,6.36.16 AM,11-05-2023,1.43.49 PM,Fatehpur,Birthday
635,C095,67,1,12-11-2023,6.37.11 PM,22-11-2023,7.23.32 AM,Navi Mumbai,Anniversary
636,C067,53,2,25-08-2023,7.18.26 AM,02-09-2023,3.33.45 AM,Panipat,Raksha Bandhan
637,C056,51,3,12-03-2023,7.29.26 PM,20-03-2023,10.34.14 PM,Darbhanga,All Occasions
638,C060,39,1,23-04-2023,2.13.33 AM,27-04-2023,2.51.20 AM,Mira-Bhayandar,All Occasions
639,C098,24,1,26-05-2023,2.36.31 AM,31-05-2023,3.18.25 AM,Amaravati,Birthday
640,C089,59,3,23-08-2023,6.16.51 AM,31-08-2023,7.07.21 PM,Bathinda,Raksha Bandhan
641,C063,15,4,18-05-2023,11.59.56 PM,26-05-2023,7.14.55 PM,South Dumdum,Anniversary
642,C021,44,5,02-11-2023,5.26.04 AM,07-11-2023,12.29.51 AM,Kozhikode,Diwali
643,C063,35,2,26-02-2023,1.10.24 PM,06-03-2023,8.24.10 PM,Malda,Holi
644,C050,67,1,01-09-2023,2.54.36 PM,11-09-2023,11.21.18 AM,Parbhani,Anniversary
645,C033,50,3,27-02-2023,1.46.39 AM,28-02-2023,2.07.11 AM,Danapur,Holi
646,C015,38,5,13-05-2023,4.30.10 PM,23-05-2023,9.16.58 AM,Morbi,Birthday
647,C069,21,5,25-08-2023,5.00.25 PM,26-08-2023,1.29.04 AM,Anantapuram,Raksha Bandhan
648,C040,41,3,05-11-2023,7.06.16 PM,09-11-2023,8.25.00 AM,Chittoor,Diwali
649,C053,43,3,02-11-2023,3.05.41 AM,11-11-2023,8.55.15 AM,Naihati,Diwali
650,C077,32,3,23-02-2023,1.54.43 AM,02-03-2023,3.09.36 AM,Guwahati,Birthday
651,C017,11,4,13-02-2023,2.16.28 AM,19-02-2023,11.55.54 AM,Panihati,Valentine's Day
652,C032,21,2,28-08-2023,7.41.09 PM,03-09-2023,12.01.31 AM,Phagwara,Raksha Bandhan
653,C076,17,4,29-11-2023,1.38.07 PM,01-12-2023,5.52.11 AM,Bhilwara,Anniversary
654,C019,64,2,29-08-2023,4.53.15 AM,02-09-2023,12.41.13 AM,Jhansi,Raksha Bandhan
655,C015,17,1,08-11-2023,9.19.04 PM,17-11-2023,6.57.37 PM,Jalna,Anniversary
656,C032,68,2,05-02-2023,6.34.41 PM,06-02-2023,4.46.00 AM,Dehri,Valentine's Day
657,C055,13,3,03-03-2023,9.37.53 AM,08-03-2023,2.48.35 PM,Kochi,Holi
658,C061,21,3,22-08-2023,8.54.56 PM,31-08-2023,8.54.06 AM,Srikakulam,Raksha Bandhan
659,C048,19,5,05-02-2023,5.44.56 PM,12-02-2023,10.37.43 PM,Silchar,Valentine's Day
660,C053,58,3,11-02-2023,6.08.46 AM,21-02-2023,8.48.35 PM,Amravati,Valentine's Day
661,C018,22,2,14-01-2023,11.51.27 PM,19-01-2023,9.50.46 AM,Guwahati,All Occasions
662,C068,20,3,09-02-2023,6.29.52 PM,18-02-2023,8.27.53 AM,Hazaribagh,Anniversary
663,C094,15,2,11-10-2023,2.47.08 PM,12-10-2023,10.32.05 PM,Hosur,Anniversary
664,C023,24,2,18-01-2023,11.54.34 AM,28-01-2023,8.22.08 PM,Hajipur,Birthday
665,C060,62,5,05-03-2023,2.23.22 PM,15-03-2023,3.54.03 PM,Akola,Holi
666,C032,26,5,02-03-2023,9.41.06 AM,08-03-2023,7.28.15 PM,Jammu,Holi
667,C052,44,3,04-11-2023,8.26.58 AM,07-11-2023,10.30.59 AM,Alwar,Diwali
668,C009,55,2,21-08-2023,10.09.53 AM,30-08-2023,4.32.49 PM,Ajmer,Raksha Bandhan
669,C035,68,5,10-02-2023,7.11.50 AM,17-02-2023,9.56.42 AM,Ludhiana,Valentine's Day
670,C057,23,5,01-06-2023,5.47.59 AM,10-06-2023,5.09.00 AM,Bhopal,Anniversary
671,C059,31,4,03-12-2023,6.54.18 AM,07-12-2023,11.16.19 PM,Karnal,All Occasions
672,C049,44,5,07-11-2023,2.06.15 PM,09-11-2023,6.46.37 AM,Saharanpur,Diwali
673,C008,33,3,04-02-2023,5.54.49 AM,07-02-2023,4.25.38 AM,Gaya,Valentine's Day
674,C065,68,2,07-02-2023,9.41.25 AM,16-02-2023,11.40.25 PM,Chennai,Valentine's Day
675,C052,13,4,28-02-2023,8.04.46 AM,09-03-2023,11.52.12 PM,Pali,Holi
676,C038,46,4,18-02-2023,12.42.24 PM,20-02-2023,8.52.32 PM,Kanpur,Anniversary
677,C045,37,5,04-11-2023,7.54.01 AM,14-11-2023,5.32.35 AM,Panihati,Diwali
678,C020,31,5,10-09-2023,2.23.59 PM,20-09-2023,10.13.07 AM,Jalna,All Occasions
679,C019,56,2,05-10-2023,5.29.19 PM,14-10-2023,12.58.06 PM,Durg,Anniversary
680,C018,56,1,02-12-2023,10.20.31 PM,08-12-2023,2.33.10 AM,Avadi,Anniversary
681,C098,23,5,29-01-2023,10.08.06 AM,05-02-2023,12.01.28 PM,Nashik,Anniversary
682,C054,50,5,26-02-2023,7.31.16 AM,05-03-2023,11.32.33 AM,Hyderabad,Holi
683,C024,27,3,23-08-2023,9.26.58 PM,30-08-2023,7.25.08 PM,Surendranagar Dudhrej,Raksha Bandhan
684,C029,70,3,17-09-2023,1.33.50 AM,25-09-2023,2.44.39 AM,Tumkur,Birthday
685,C054,22,1,01-09-2023,9.04.40 PM,11-09-2023,8.30.45 AM,Sikar,All Occasions
686,C026,50,1,01-03-2023,4.29.38 PM,11-03-2023,9.37.59 PM,Bardhaman,Holi
687,C098,8,5,15-03-2023,5.57.15 PM,19-03-2023,4.50.54 AM,Raichur,Anniversary
688,C015,54,2,28-01-2023,7.02.07 PM,30-01-2023,1.51.22 PM,Lucknow,Anniversary
689,C046,66,4,02-03-2023,5.52.42 AM,07-03-2023,11.00.27 AM,Silchar,Holi
690,C083,48,2,02-11-2023,9.13.25 PM,05-11-2023,9.32.48 PM,Jaunpur,Diwali
691,C002,48,5,06-11-2023,5.22.43 AM,10-11-2023,11.08.26 AM,Naihati,Diwali
692,C035,15,2,11-08-2023,7.04.55 AM,18-08-2023,6.44.37 AM,Tiruppur,Anniversary
693,C041,4,5,04-11-2023,11.48.55 PM,07-11-2023,5.31.27 AM,Ghaziabad,Diwali
694,C018,23,2,15-04-2023,7.26.27 PM,21-04-2023,4.58.51 PM,Kozhikode,Anniversary
695,C046,23,4,05-03-2023,4.36.52 PM,14-03-2023,5.01.44 PM,Imphal,Anniversary
696,C046,13,3,07-03-2023,2.42.21 AM,14-03-2023,3.08.45 PM,Rajpur Sonarpur,Holi
697,C026,66,1,03-03-2023,2.20.25 PM,07-03-2023,3.14.20 PM,Ichalkaranji,Holi
698,C060,64,3,29-08-2023,8.44.11 PM,06-09-2023,3.00.13 PM,Ozhukarai,Raksha Bandhan
699,C011,1,4,02-06-2023,12.14.44 PM,09-06-2023,11.09.03 PM,Chittoor,All Occasions
700,C006,6,1,04-03-2023,6.17.57 PM,09-03-2023,1.43.07 PM,Gwalior,Holi
701,C080,41,5,07-11-2023,10.57.34 AM,11-11-2023,4.56.26 AM,Tezpur,Diwali
702,C067,60,1,10-11-2023,8.44.24 AM,18-11-2023,6.26.10 AM,Giridih,Diwali
703,C070,53,4,23-08-2023,4.19.39 PM,01-09-2023,6.12.05 AM,Khammam,Raksha Bandhan
704,C061,55,4,29-08-2023,2.27.10 AM,30-08-2023,1.36.34 PM,Jalgaon,Raksha Bandhan
705,C004,7,1,05-03-2023,6.18.01 PM,14-03-2023,5.57.09 PM,Pimpri-Chinchwad,Holi
706,C091,67,2,26-04-2023,5.35.11 AM,04-05-2023,1.13.10 PM,Madurai,Anniversary
707,C036,70,4,03-02-2023,6.17.26 AM,12-02-2023,1.04.19 AM,Tirunelveli,Birthday
708,C002,62,3,03-03-2023,10.59.15 AM,12-03-2023,5.05.35 AM,Ozhukarai,Holi
709,C016,53,5,29-08-2023,4.38.05 AM,07-09-2023,5.29.15 PM,Kolkata,Raksha Bandhan
710,C087,54,5,22-05-2023,1.33.03 AM,29-05-2023,1.43.52 AM,Jalna,Anniversary
711,C093,68,3,04-02-2023,5.15.28 PM,06-02-2023,2.50.53 PM,Tiruppur,Valentine's Day
712,C057,65,5,11-07-2023,1.00.12 PM,13-07-2023,6.34.57 AM,Hazaribagh,All Occasions
713,C081,37,3,08-11-2023,11.24.22 PM,15-11-2023,10.51.21 PM,Tiruppur,Diwali
714,C053,63,2,01-06-2023,7.28.09 PM,03-06-2023,7.54.01 AM,Dhule,All Occasions
715,C069,38,4,14-04-2023,5.16.43 AM,21-04-2023,4.39.31 PM,Tenali,Birthday
716,C076,40,3,19-08-2023,11.18.12 PM,26-08-2023,1.39.58 AM,Berhampore,Anniversary
717,C059,67,5,25-06-2023,6.18.32 AM,26-06-2023,11.20.48 PM,Yamunanagar,Anniversary
718,C028,49,1,09-02-2023,5.13.35 AM,13-02-2023,6.22.05 AM,Jabalpur,Valentine's Day
719,C092,57,3,12-07-2023,7.44.51 AM,19-07-2023,1.51.24 AM,Phagwara,Birthday
720,C045,22,5,15-12-2023,2.42.41 PM,20-12-2023,6.07.08 AM,Vellore,All Occasions
721,C022,3,5,07-02-2023,3.28.21 AM,17-02-2023,6.28.02 PM,Vasai-Virar,Valentine's Day
722,C044,13,5,02-03-2023,5.30.25 PM,08-03-2023,8.06.58 AM,Mathura,Holi
723,C045,14,3,04-02-2023,6.00.57 PM,05-02-2023,12.57.28 AM,Mau,Birthday
724,C059,51,1,08-04-2023,11.02.18 PM,16-04-2023,8.00.19 AM,Pallavaram,All Occasions
725,C035,35,3,06-03-2023,11.23.18 PM,11-03-2023,8.03.47 PM,Kishanganj,Holi
726,C044,34,2,21-08-2023,7.10.31 PM,31-08-2023,6.54.28 PM,Hindupur,Raksha Bandhan
727,C061,12,5,18-11-2023,1.37.03 AM,22-11-2023,4.22.32 PM,Anand,Anniversary
728,C073,52,2,08-02-2023,1.45.46 PM,11-02-2023,4.07.16 PM,Panchkula,Valentine's Day
729,C030,17,1,23-02-2023,6.19.53 PM,25-02-2023,11.51.19 AM,Kollam,Anniversary
730,C097,59,1,22-08-2023,2.04.03 AM,25-08-2023,10.39.30 PM,Sangli-Miraj & Kupwad,Raksha Bandhan
731,C083,59,5,25-08-2023,12.01.20 PM,02-09-2023,11.02.31 AM,Bulandshahr,Raksha Bandhan
732,C087,1,2,16-10-2023,4.47.12 PM,21-10-2023,6.56.15 PM,Bongaigaon,All Occasions
733,C060,32,3,01-04-2023,12.51.37 AM,03-04-2023,2.26.43 AM,Ludhiana,Birthday
734,C008,49,3,11-02-2023,11.44.37 AM,14-02-2023,9.06.06 AM,Morena,Valentine's Day
735,C037,56,1,02-02-2023,7.22.26 AM,04-02-2023,5.57.58 AM,Nandyal,Anniversary
736,C008,70,5,02-05-2023,3.47.04 AM,11-05-2023,4.38.44 AM,Ghaziabad,Birthday
737,C068,46,5,14-09-2023,7.35.50 AM,17-09-2023,1.37.05 PM,Bhilwara,Anniversary
738,C098,16,5,03-03-2023,4.23.38 PM,09-03-2023,1.36.32 AM,Maheshtala,Holi
739,C094,24,5,30-01-2023,9.43.50 AM,03-02-2023,10.33.33 AM,Berhampur,Birthday
740,C004,56,4,07-11-2023,4.11.58 PM,12-11-2023,10.07.51 AM,Silchar,Anniversary
741,C072,53,5,23-08-2023,12.47.09 PM,01-09-2023,9.37.19 PM,Siwan,Raksha Bandhan
742,C089,53,5,24-08-2023,7.50.07 PM,26-08-2023,3.58.06 PM,Panchkula,Raksha Bandhan
743,C045,4,2,09-11-2023,1.28.07 PM,13-11-2023,1.16.24 AM,Tiruppur,Diwali
744,C023,45,4,13-10-2023,5.53.21 PM,14-10-2023,8.02.05 AM,Junagadh,Birthday
745,C052,44,1,07-11-2023,9.12.26 AM,09-11-2023,12.30.04 AM,Kolkata,Diwali
746,C051,35,2,02-03-2023,5.23.29 AM,06-03-2023,6.24.41 AM,Parbhani,Holi
747,C009,6,4,06-03-2023,3.43.24 AM,11-03-2023,4.38.35 PM,Dhanbad,Holi
748,C079,26,1,06-03-2023,11.13.52 AM,07-03-2023,8.26.40 PM,Tenali,Holi
749,C099,12,2,19-06-2023,1.13.17 PM,24-06-2023,3.37.13 AM,Nanded,Anniversary
750,C022,19,3,08-02-2023,9.22.41 AM,14-02-2023,10.24.42 PM,Chapra,Valentine's Day
751,C084,23,5,10-04-2023,7.12.34 AM,15-04-2023,1.52.34 AM,Gandhidham,Anniversary
752,C034,3,5,10-02-2023,11.38.01 AM,12-02-2023,10.35.58 AM,Bally,Valentine's Day
753,C045,60,1,06-11-2023,6.55.38 AM,12-11-2023,4.49.01 AM,Tinsukia,Diwali
754,C083,51,2,01-11-2023,8.40.33 PM,08-11-2023,10.13.13 PM,Pimpri-Chinchwad,All Occasions
755,C037,6,5,27-02-2023,4.33.26 PM,06-03-2023,2.16.52 AM,Aurangabad,Holi
756,C034,51,4,29-07-2023,6.25.27 PM,03-08-2023,9.56.02 AM,Buxar,All Occasions
757,C001,2,3,12-02-2023,10.23.53 AM,20-02-2023,4.40.28 AM,Shivpuri,Valentine's Day
758,C043,40,5,16-10-2023,9.12.26 AM,20-10-2023,3.46.58 AM,Ajmer,Anniversary
759,C084,48,5,02-11-2023,6.12.14 AM,11-11-2023,6.06.56 AM,Bathinda,Diwali
760,C043,18,1,19-09-2023,2.28.05 AM,21-09-2023,1.29.38 PM,Ghaziabad,Birthday
761,C008,24,5,18-04-2023,3.25.13 AM,25-04-2023,11.53.46 AM,Ambala,Birthday
762,C064,50,1,26-02-2023,10.11.19 AM,01-03-2023,3.56.20 AM,Bangalore,Holi
763,C070,29,4,02-03-2023,3.22.09 PM,04-03-2023,4.30.07 AM,Nellore,Holi
764,C039,65,3,01-08-2023,7.59.36 PM,05-08-2023,9.24.36 AM,Berhampur,All Occasions
765,C055,41,2,03-11-2023,2.37.40 AM,06-11-2023,3.52.27 AM,Ambala,Diwali
766,C077,1,4,02-07-2023,4.28.53 PM,07-07-2023,12.19.44 AM,Hospet,All Occasions
767,C077,13,2,03-03-2023,2.21.13 AM,04-03-2023,12.14.53 AM,Rohtak,Holi
768,C087,1,1,11-11-2023,6.37.41 PM,16-11-2023,12.19.42 PM,Howrah,All Occasions
769,C029,28,2,25-08-2023,9.37.39 AM,02-09-2023,8.10.20 PM,Ongole,Raksha Bandhan
770,C080,25,3,29-05-2023,12.20.57 AM,07-06-2023,9.39.12 AM,Pallavaram,Anniversary
771,C056,9,2,26-08-2023,5.00.07 PM,01-09-2023,10.54.16 AM,Vijayanagaram,Raksha Bandhan
772,C085,35,5,01-03-2023,5.03.06 AM,04-03-2023,8.20.05 AM,Machilipatnam,Holi
773,C031,39,4,07-01-2023,2.11.24 AM,13-01-2023,11.47.54 PM,Karaikudi,All Occasions
774,C051,65,5,17-06-2023,9.28.21 PM,27-06-2023,3.01.20 AM,Begusarai,All Occasions
775,C077,45,1,19-02-2023,3.48.10 AM,24-02-2023,11.31.47 PM,Anand,Birthday
776,C051,43,1,09-11-2023,7.28.54 AM,12-11-2023,9.39.04 PM,Alwar,Diwali
777,C016,70,3,24-02-2023,3.33.57 PM,27-02-2023,11.29.39 AM,Bhusawal,Birthday
778,C033,61,4,10-05-2023,3.58.40 AM,13-05-2023,11.57.17 AM,Raebareli,Anniversary
779,C052,3,1,06-02-2023,6.26.37 AM,08-02-2023,2.51.51 AM,Durgapur,Valentine's Day
780,C070,33,2,10-02-2023,11.30.51 AM,13-02-2023,4.28.25 AM,Bikaner,Valentine's Day
781,C084,40,2,27-09-2023,3.26.58 PM,05-10-2023,7.39.28 PM,Muzaffarnagar,Anniversary
782,C087,22,4,18-04-2023,5.41.20 AM,26-04-2023,7.25.29 PM,Shimoga,All Occasions
783,C024,55,5,28-08-2023,4.31.27 AM,29-08-2023,5.10.51 AM,Visakhapatnam,Raksha Bandhan
784,C042,56,2,02-06-2023,8.25.52 AM,07-06-2023,6.16.19 AM,Bhalswa Jahangir Pur,Anniversary
785,C052,47,5,26-02-2023,5.41.34 PM,01-03-2023,1.09.23 PM,Jodhpur,Holi
786,C003,47,1,05-03-2023,10.47.05 PM,07-03-2023,7.16.53 AM,Kirari Suleman Nagar,Holi
787,C069,9,1,25-08-2023,9.42.12 PM,27-08-2023,2.10.59 PM,Ambarnath,Raksha Bandhan
788,C099,53,3,24-08-2023,4.58.58 AM,27-08-2023,8.56.52 AM,Durgapur,Raksha Bandhan
789,C048,58,4,08-02-2023,6.19.36 PM,15-02-2023,8.00.31 AM,Bally,Valentine's Day
790,C046,26,2,28-02-2023,6.03.29 AM,08-03-2023,4.20.38 AM,Chennai,Holi
791,C093,51,2,06-05-2023,2.29.51 AM,09-05-2023,6.53.48 AM,Bhubaneswar,All Occasions
792,C015,43,2,09-11-2023,7.00.56 AM,10-11-2023,5.14.12 AM,Munger,Diwali
793,C095,58,5,05-02-2023,5.37.16 PM,15-02-2023,1.28.17 AM,Mirzapur,Valentine's Day
794,C079,13,4,04-03-2023,5.11.58 PM,09-03-2023,2.51.06 PM,Shimoga,Holi
795,C070,7,1,03-03-2023,5.58.36 PM,07-03-2023,10.17.46 PM,Ujjain,Holi
796,C002,61,4,05-05-2023,7.53.26 AM,14-05-2023,8.08.25 AM,Rajkot,Anniversary
797,C047,13,2,03-03-2023,8.57.50 PM,10-03-2023,4.29.03 AM,Tiruvottiyur,Holi
798,C043,30,5,17-12-2023,5.35.18 PM,26-12-2023,1.52.09 AM,Sultan Pur Majra,Anniversary
799,C084,32,5,22-10-2023,1.50.09 AM,01-11-2023,8.22.26 PM,Patna,Birthday
800,C014,24,5,17-06-2023,9.50.22 PM,21-06-2023,7.12.59 AM,Machilipatnam,Birthday
801,C058,35,1,07-03-2023,7.15.48 PM,15-03-2023,6.35.12 AM,Dindigul,Holi
802,C097,45,3,23-03-2023,12.37.23 PM,26-03-2023,6.19.00 AM,Dibrugarh,Birthday
803,C040,26,1,03-03-2023,12.03.48 PM,10-03-2023,2.50.05 AM,Sambalpur,Holi
804,C009,3,3,05-02-2023,5.37.18 AM,07-02-2023,1.58.08 AM,Deoghar,Valentine's Day
805,C028,24,3,11-06-2023,2.39.08 PM,14-06-2023,6.07.19 PM,Bareilly,Birthday
806,C088,29,2,28-02-2023,1.01.22 PM,08-03-2023,6.38.58 AM,Jhansi,Holi
807,C006,40,4,29-11-2023,4.20.19 PM,09-12-2023,3.09.57 AM,Bhopal,Anniversary
808,C002,9,2,29-08-2023,3.36.39 PM,30-08-2023,10.11.21 AM,Raurkela Industrial Township,Raksha Bandhan
809,C062,35,1,07-03-2023,7.50.47 PM,17-03-2023,1.51.34 AM,Ludhiana,Holi
810,C059,24,3,15-12-2023,5.57.14 AM,17-12-2023,12.05.52 PM,New Delhi,Birthday
811,C020,14,5,18-10-2023,12.04.11 PM,25-10-2023,9.55.52 PM,Bellary,Birthday
812,C058,40,2,12-12-2023,5.19.49 PM,14-12-2023,1.28.32 AM,Ongole,Anniversary
813,C094,32,4,19-01-2023,8.53.43 AM,23-01-2023,10.01.01 PM,Bhind,Birthday
814,C094,47,5,05-03-2023,1.59.20 AM,14-03-2023,4.41.16 AM,Kumbakonam,Holi
815,C098,61,3,29-09-2023,7.08.13 AM,08-10-2023,2.46.18 PM,Bhatpara,Anniversary
816,C042,35,3,28-02-2023,7.44.25 PM,10-03-2023,1.41.37 PM,Ujjain,Holi
817,C066,21,2,28-08-2023,5.37.00 AM,01-09-2023,10.05.03 PM,Jalandhar,Raksha Bandhan
818,C004,8,4,02-03-2023,7.51.06 AM,09-03-2023,9.07.41 AM,Thrissur,Anniversary
819,C052,55,5,22-08-2023,1.05.23 PM,24-08-2023,1.32.28 AM,Kottayam,Raksha Bandhan
820,C033,64,3,22-08-2023,5.51.43 AM,26-08-2023,4.52.23 AM,Hapur,Raksha Bandhan
821,C050,32,4,27-02-2023,8.15.31 PM,07-03-2023,10.46.00 PM,Bareilly,Birthday
822,C075,41,5,09-11-2023,3.23.06 AM,12-11-2023,4.15.17 AM,Indore,Diwali
823,C087,64,3,27-08-2023,3.23.25 PM,01-09-2023,2.52.40 PM,Alappuzha,Raksha Bandhan
824,C097,46,4,06-05-2023,7.56.11 AM,07-05-2023,3.23.52 PM,Muzaffarpur,Anniversary
825,C044,25,5,30-06-2023,10.50.24 AM,01-07-2023,6.08.04 PM,Nellore,Anniversary
826,C077,16,5,02-03-2023,8.02.07 PM,08-03-2023,6.16.18 AM,Udaipur,Holi
827,C086,9,1,29-08-2023,10.10.46 PM,30-08-2023,12.51.55 AM,Surendranagar Dudhrej,Raksha Bandhan
828,C044,8,3,24-10-2023,4.47.01 PM,01-11-2023,10.18.58 PM,Gwalior,Anniversary
829,C020,42,4,19-12-2023,6.35.41 PM,26-12-2023,10.18.04 AM,Visakhapatnam,All Occasions
830,C007,46,2,12-01-2023,7.18.53 PM,15-01-2023,5.04.21 AM,Indore,Anniversary
831,C079,56,5,24-05-2023,6.41.33 PM,03-06-2023,7.06.17 PM,Rajahmundry,Anniversary
832,C026,65,4,01-02-2023,6.56.24 PM,10-02-2023,2.19.29 AM,Etawah,All Occasions
833,C002,26,3,05-03-2023,12.40.48 AM,13-03-2023,1.40.17 AM,Shahjahanpur,Holi
834,C029,60,5,03-11-2023,6.35.20 PM,12-11-2023,2.01.49 PM,Thrissur,Diwali
835,C089,32,2,05-07-2023,5.35.53 PM,06-07-2023,11.34.11 PM,Cuttack,Birthday
836,C020,44,5,08-11-2023,2.36.05 AM,11-11-2023,3.11.27 AM,Tumkur,Diwali
837,C036,14,5,19-12-2023,12.57.12 PM,21-12-2023,12.00.36 AM,Raebareli,Birthday
838,C003,19,3,09-02-2023,10.18.01 AM,17-02-2023,6.09.40 AM,Sirsa,Valentine's Day
839,C072,51,4,02-11-2023,3.51.23 AM,12-11-2023,1.49.51 AM,Udupi,All Occasions
840,C031,67,2,13-01-2023,7.19.35 PM,16-01-2023,11.50.30 AM,Tirunelveli,Anniversary
841,C041,26,5,07-03-2023,6.16.00 AM,12-03-2023,11.16.39 PM,Bhalswa Jahangir Pur,Holi
842,C085,46,2,29-12-2023,5.11.33 PM,01-01-2024,2.27.46 AM,Kulti,Anniversary
843,C007,68,1,11-02-2023,9.46.03 PM,12-02-2023,7.27.09 PM,Bikaner,Valentine's Day
844,C067,51,1,09-10-2023,7.12.55 PM,10-10-2023,9.48.27 AM,Satara,All Occasions
845,C032,57,5,17-10-2023,6.51.16 PM,25-10-2023,2.55.03 AM,Hospet,Birthday
846,C069,15,4,28-11-2023,2.47.39 AM,02-12-2023,6.56.03 AM,Bhalswa Jahangir Pur,Anniversary
847,C009,44,4,07-11-2023,6.10.17 PM,12-11-2023,10.21.36 AM,Bareilly,Diwali
848,C005,6,1,06-03-2023,4.52.57 PM,10-03-2023,10.26.48 PM,Shimla,Holi
849,C013,57,1,12-03-2023,1.16.48 AM,14-03-2023,12.50.03 AM,Panipat,Birthday
850,C092,21,4,23-08-2023,11.15.17 PM,25-08-2023,10.31.01 AM,Darbhanga,Raksha Bandhan
851,C030,13,3,06-03-2023,11.31.57 AM,10-03-2023,6.17.54 PM,Singrauli,Holi
852,C035,44,2,11-11-2023,9.41.46 AM,14-11-2023,2.15.30 PM,Ozhukarai,Diwali
853,C050,51,3,17-09-2023,9.14.53 PM,23-09-2023,2.27.28 PM,Jorhat,All Occasions
854,C016,62,3,27-02-2023,2.00.33 AM,02-03-2023,2.51.29 AM,Bhind,Holi
855,C033,57,5,07-08-2023,11.50.11 PM,17-08-2023,8.15.43 PM,Allahabad,Birthday
856,C077,21,2,27-08-2023,5.40.11 PM,02-09-2023,4.16.50 PM,Kanpur,Raksha Bandhan
857,C053,63,1,09-02-2023,9.22.18 AM,18-02-2023,2.00.44 PM,Bareilly,All Occasions
858,C046,44,4,08-11-2023,1.51.48 AM,09-11-2023,4.01.24 PM,Saharanpur,Diwali
859,C047,43,1,10-11-2023,7.06.21 AM,15-11-2023,1.46.27 AM,Varanasi,Diwali
860,C064,14,1,10-01-2023,7.29.59 PM,13-01-2023,1.30.30 PM,Adoni,Birthday
861,C030,32,1,09-02-2023,8.19.31 AM,14-02-2023,2.37.34 AM,Bidar,Birthday
862,C049,6,4,07-03-2023,5.51.14 AM,15-03-2023,8.23.47 AM,Shimoga,Holi
863,C099,20,3,05-06-2023,9.28.04 AM,15-06-2023,3.13.05 AM,Jehanabad,Anniversary
864,C033,11,1,11-02-2023,7.34.22 PM,15-02-2023,8.05.38 AM,Lucknow,Valentine's Day
865,C032,19,1,12-02-2023,6.09.14 PM,13-02-2023,6.38.00 AM,Kumbakonam,Valentine's Day
866,C021,15,5,10-08-2023,8.06.37 PM,11-08-2023,8.02.41 AM,Medininagar,Anniversary
867,C014,48,1,02-11-2023,12.22.06 PM,04-11-2023,5.08.47 AM,Hajipur,Diwali
868,C099,32,1,22-08-2023,1.01.17 AM,30-08-2023,10.09.12 AM,Anand,Birthday
869,C032,3,5,06-02-2023,10.03.19 AM,11-02-2023,11.16.28 PM,Hazaribagh,Valentine's Day
870,C018,43,5,05-11-2023,3.13.46 PM,07-11-2023,6.49.39 AM,Pallavaram,Diwali
871,C062,15,1,11-06-2023,6.05.30 AM,15-06-2023,8.56.56 PM,Secunderabad,Anniversary
872,C094,13,2,05-03-2023,8.27.57 PM,10-03-2023,1.32.23 AM,Bokaro,Holi
873,C027,64,4,26-08-2023,10.57.00 AM,05-09-2023,3.45.27 PM,Nandyal,Raksha Bandhan
874,C010,68,1,11-02-2023,12.42.30 PM,21-02-2023,5.35.44 PM,Ramagundam,Valentine's Day
875,C011,13,1,05-03-2023,9.22.31 PM,14-03-2023,7.57.46 PM,Purnia,Holi
876,C016,4,4,06-11-2023,9.38.36 AM,14-11-2023,8.47.44 PM,Jaunpur,Diwali
877,C041,46,5,09-03-2023,11.16.16 PM,18-03-2023,12.27.24 PM,Hazaribagh,Anniversary
878,C057,4,2,10-11-2023,4.36.59 PM,19-11-2023,4.45.34 PM,Singrauli,Diwali
879,C092,33,2,07-02-2023,5.34.34 AM,10-02-2023,11.27.38 AM,Kishanganj,Valentine's Day
880,C044,34,5,29-08-2023,10.14.26 PM,31-08-2023,4.54.50 AM,Purnia,Raksha Bandhan
881,C015,28,4,21-08-2023,3.17.42 PM,28-08-2023,12.59.45 PM,New Delhi,Raksha Bandhan
882,C089,64,2,29-08-2023,5.32.40 AM,08-09-2023,4.14.53 PM,Srikakulam,Raksha Bandhan
883,C041,36,4,16-07-2023,7.44.04 PM,17-07-2023,9.03.02 PM,Shahjahanpur,Birthday
884,C091,10,3,18-03-2023,10.15.44 PM,27-03-2023,6.59.55 PM,Tezpur,Birthday
885,C084,42,2,17-10-2023,7.52.58 PM,21-10-2023,6.46.10 PM,Pudukkottai,All Occasions
886,C045,53,3,21-08-2023,8.23.02 AM,25-08-2023,7.52.35 PM,Nanded,Raksha Bandhan
887,C091,51,3,29-06-2023,5.20.29 PM,30-06-2023,9.55.50 AM,Visakhapatnam,All Occasions
888,C014,69,3,06-03-2023,11.34.43 AM,11-03-2023,3.14.09 PM,Gandhinagar,Holi
889,C050,36,3,16-08-2023,11.06.44 PM,18-08-2023,10.05.02 AM,Bangalore,Birthday
890,C064,45,4,23-03-2023,11.25.20 PM,27-03-2023,11.38.15 AM,Kharagpur,Birthday
891,C027,58,2,08-02-2023,2.56.43 PM,16-02-2023,11.54.45 PM,Shivpuri,Valentine's Day
892,C025,11,4,06-02-2023,6.33.04 PM,07-02-2023,1.26.54 AM,Thrissur,Valentine's Day
893,C010,63,3,28-03-2023,3.40.42 PM,07-04-2023,2.49.23 PM,Sangli-Miraj & Kupwad,All Occasions
894,C092,54,4,14-10-2023,2.05.43 PM,21-10-2023,11.10.21 PM,Proddatur,Anniversary
895,C066,45,1,28-03-2023,6.45.56 PM,06-04-2023,2.53.40 AM,Sambhal,Birthday
896,C053,46,1,05-04-2023,4.13.55 AM,10-04-2023,12.50.15 PM,Haldia,Anniversary
897,C031,34,5,25-08-2023,7.53.21 AM,01-09-2023,2.02.50 PM,Dhule,Raksha Bandhan
898,C018,52,1,09-02-2023,6.18.52 AM,13-02-2023,11.13.42 PM,Kadapa,Valentine's Day
899,C011,63,1,17-12-2023,9.29.55 PM,24-12-2023,12.16.41 AM,Bijapur,All Occasions
900,C027,57,3,07-04-2023,3.09.00 PM,15-04-2023,8.30.53 AM,Sagar,Birthday
901,C043,27,4,22-08-2023,7.55.38 AM,27-08-2023,1.32.30 AM,Deoghar,Raksha Bandhan
902,C025,32,5,22-03-2023,1.29.55 PM,24-03-2023,12.24.01 PM,Bidar,Birthday
903,C066,63,2,15-09-2023,5.42.23 PM,22-09-2023,7.28.38 PM,Bhusawal,All Occasions
904,C013,2,4,12-02-2023,10.05.48 PM,17-02-2023,1.05.37 AM,Mira-Bhayandar,Valentine's Day
905,C080,58,1,10-02-2023,7.31.35 PM,16-02-2023,8.32.14 AM,Ichalkaranji,Valentine's Day
906,C100,49,3,06-02-2023,1.16.20 AM,16-02-2023,9.14.48 AM,Jalandhar,Valentine's Day
907,C046,30,2,19-04-2023,9.36.41 PM,25-04-2023,11.12.03 AM,Burhanpur,Anniversary
908,C090,28,5,22-08-2023,3.51.25 PM,24-08-2023,10.50.08 PM,Ozhukarai,Raksha Bandhan
909,C084,42,1,04-11-2023,7.43.51 AM,08-11-2023,10.25.25 PM,Hyderabad,All Occasions
910,C066,55,4,26-08-2023,2.03.23 AM,04-09-2023,5.03.10 PM,Kamarhati,Raksha Bandhan
911,C071,22,4,23-01-2023,5.18.52 AM,28-01-2023,1.35.19 AM,Nangloi Jat,All Occasions
912,C062,9,4,29-08-2023,3.09.59 AM,06-09-2023,11.36.14 AM,Ghaziabad,Raksha Bandhan
913,C092,56,5,10-12-2023,6.39.24 PM,12-12-2023,5.37.07 AM,Bharatpur,Anniversary
914,C048,33,4,09-02-2023,2.52.18 PM,14-02-2023,9.47.20 AM,Sambhal,Valentine's Day
915,C014,35,1,06-03-2023,9.12.40 PM,14-03-2023,5.32.37 AM,Uluberia,Holi
916,C063,33,2,06-02-2023,4.23.09 AM,14-02-2023,9.19.24 PM,Darbhanga,Valentine's Day
917,C052,12,3,24-01-2023,5.56.54 AM,29-01-2023,11.04.23 AM,Bareilly,Anniversary
918,C083,19,2,12-02-2023,6.13.06 PM,21-02-2023,10.02.06 PM,Pali,Valentine's Day
919,C038,35,5,28-02-2023,8.27.53 AM,04-03-2023,12.05.29 AM,Delhi,Holi
920,C026,45,1,29-06-2023,8.23.05 PM,08-07-2023,11.41.37 PM,Gorakhpur,Birthday
921,C078,23,4,18-09-2023,1.52.40 PM,23-09-2023,7.22.26 AM,Ghaziabad,Anniversary
922,C009,23,1,14-12-2023,9.16.24 AM,18-12-2023,8.03.37 AM,Mahbubnagar,Anniversary
923,C034,7,4,27-02-2023,2.37.32 PM,28-02-2023,10.01.37 PM,Ahmedabad,Holi
924,C013,17,1,25-03-2023,9.47.09 AM,04-04-2023,10.56.05 PM,Sagar,Anniversary
925,C012,31,1,08-01-2023,12.55.51 AM,12-01-2023,6.39.07 AM,Pallavaram,All Occasions
926,C049,40,4,28-03-2023,11.01.58 PM,31-03-2023,11.51.25 PM,Kulti,Anniversary
927,C100,43,4,03-11-2023,6.38.15 AM,11-11-2023,5.00.17 AM,Gopalpur,Diwali
928,C012,23,3,19-11-2023,11.06.24 AM,27-11-2023,10.16.12 AM,Bihar Sharif,Anniversary
929,C085,23,1,19-03-2023,7.00.52 AM,26-03-2023,1.02.32 PM,Kavali,Anniversary
930,C083,61,3,03-06-2023,3.52.31 PM,07-06-2023,7.41.15 PM,Gangtok,Anniversary
931,C053,14,1,17-04-2023,7.48.12 PM,19-04-2023,10.25.35 AM,Mahbubnagar,Birthday
932,C038,63,2,29-10-2023,4.32.30 PM,02-11-2023,10.17.11 PM,Durgapur,All Occasions
933,C038,51,3,14-11-2023,12.17.01 PM,23-11-2023,2.50.02 AM,Muzaffarnagar,All Occasions
934,C022,27,5,22-08-2023,12.41.04 AM,23-08-2023,8.38.52 AM,Agartala,Raksha Bandhan
935,C046,27,5,20-08-2023,9.38.15 AM,29-08-2023,5.18.37 PM,Kurnool,Raksha Bandhan
936,C045,43,4,02-11-2023,9.26.31 PM,08-11-2023,10.03.32 AM,Bardhaman,Diwali
937,C097,51,2,11-03-2023,3.57.43 AM,15-03-2023,7.27.13 PM,Rohtak,All Occasions
938,C005,59,3,29-08-2023,6.12.49 PM,08-09-2023,1.17.33 AM,Ratlam,Raksha Bandhan
939,C084,9,4,20-08-2023,8.55.05 PM,21-08-2023,4.36.14 AM,Bhilai,Raksha Bandhan
940,C082,57,4,11-01-2023,11.38.25 PM,12-01-2023,4.04.53 AM,Orai,Birthday
941,C058,18,4,19-05-2023,9.16.07 AM,22-05-2023,10.28.01 AM,Bidar,Birthday
942,C024,51,1,23-12-2023,4.59.43 AM,26-12-2023,3.56.22 PM,Surat,All Occasions
943,C026,22,4,19-02-2023,2.27.09 PM,22-02-2023,7.05.59 PM,Narasaraopet,All Occasions
944,C024,67,4,17-11-2023,8.34.33 PM,21-11-2023,4.40.40 PM,Amravati,Anniversary
945,C038,18,2,30-07-2023,12.00.02 PM,06-08-2023,12.44.49 PM,Raebareli,Birthday
946,C050,17,4,02-12-2023,11.07.29 AM,09-12-2023,5.43.17 PM,Ratlam,Anniversary
947,C100,38,3,06-10-2023,7.16.19 PM,08-10-2023,11.24.47 PM,Nadiad,Birthday
948,C061,26,3,04-03-2023,6.21.51 PM,07-03-2023,1.11.26 PM,Dehradun,Holi
949,C020,6,4,27-02-2023,8.55.01 PM,06-03-2023,9.35.17 AM,Begusarai,Holi
950,C014,39,3,16-10-2023,7.31.00 PM,18-10-2023,9.09.20 PM,Tiruchirappalli,All Occasions
951,C024,20,1,23-11-2023,3.34.09 PM,25-11-2023,7.03.34 PM,Bongaigaon,Anniversary
952,C027,49,4,12-02-2023,2.48.07 AM,22-02-2023,9.19.09 AM,Bidar,Valentine's Day
953,C076,40,1,03-09-2023,12.26.01 AM,04-09-2023,7.33.50 AM,Varanasi,Anniversary
954,C063,44,3,02-11-2023,4.01.43 AM,03-11-2023,6.21.01 PM,Ballia,Diwali
955,C015,24,4,03-06-2023,12.30.48 AM,07-06-2023,9.07.26 AM,Singrauli,Birthday
956,C037,34,5,29-08-2023,4.52.24 AM,03-09-2023,2.53.28 PM,Sagar,Raksha Bandhan
957,C038,23,1,15-12-2023,1.56.38 AM,17-12-2023,9.07.55 PM,Kanpur,Anniversary
958,C009,16,3,07-03-2023,2.02.57 PM,14-03-2023,10.04.41 PM,Bihar Sharif,Holi
959,C098,40,1,21-12-2023,1.54.46 AM,26-12-2023,9.05.45 PM,Raebareli,Anniversary
960,C032,48,3,05-11-2023,5.25.49 AM,08-11-2023,9.56.17 AM,Nadiad,Diwali
961,C016,1,5,01-02-2023,6.49.28 AM,10-02-2023,8.54.38 PM,Gulbarga,All Occasions
962,C028,17,5,29-09-2023,11.55.53 AM,01-10-2023,4.15.08 PM,Kalyan-Dombivli,Anniversary
963,C025,29,1,03-03-2023,8.44.19 AM,06-03-2023,10.36.46 AM,Phagwara,Holi
964,C098,32,4,19-10-2023,6.39.41 AM,23-10-2023,10.22.39 PM,Jammu,Birthday
965,C080,62,1,02-03-2023,3.15.10 AM,06-03-2023,5.20.22 PM,Amaravati,Holi
966,C061,13,2,01-03-2023,2.21.06 AM,10-03-2023,10.22.53 AM,Nellore,Holi
967,C041,68,4,12-02-2023,12.21.23 AM,20-02-2023,6.29.48 PM,Siliguri,Valentine's Day
968,C002,9,2,25-08-2023,11.55.22 PM,01-09-2023,8.24.11 PM,Jaunpur,Raksha Bandhan
969,C004,42,4,30-08-2023,10.56.34 PM,03-09-2023,3.22.59 AM,Khammam,All Occasions
970,C020,54,4,13-04-2023,3.26.33 AM,21-04-2023,9.37.17 PM,Siliguri,Anniversary
971,C027,47,1,02-03-2023,4.02.13 AM,10-03-2023,7.17.36 PM,Sultan Pur Majra,Holi
972,C026,30,2,30-04-2023,1.34.34 AM,02-05-2023,5.27.14 AM,Ujjain,Anniversary
973,C031,66,3,26-02-2023,10.35.55 AM,07-03-2023,3.46.24 AM,Barasat,Holi
974,C014,17,4,04-11-2023,7.16.59 PM,07-11-2023,4.11.27 PM,Pallavaram,Anniversary
975,C077,62,2,04-03-2023,12.26.32 AM,12-03-2023,8.03.42 AM,Sultan Pur Majra,Holi
976,C017,17,2,19-05-2023,7.11.09 AM,20-05-2023,8.38.28 AM,Raichur,Anniversary
977,C005,47,2,05-03-2023,12.33.31 PM,07-03-2023,11.39.44 PM,Rajpur Sonarpur,Holi
978,C019,29,4,28-02-2023,8.59.15 AM,09-03-2023,6.31.07 AM,Barasat,Holi
979,C030,9,4,28-08-2023,6.43.04 PM,31-08-2023,8.12.58 PM,Adoni,Raksha Bandhan
980,C067,12,5,21-09-2023,8.35.26 PM,30-09-2023,12.43.39 AM,Bijapur,Anniversary
981,C014,46,2,02-04-2023,8.01.08 PM,03-04-2023,8.21.37 PM,Dehradun,Anniversary
982,C019,47,4,28-02-2023,6.56.23 PM,04-03-2023,3.11.23 AM,Srinagar,Holi
983,C094,70,1,25-03-2023,9.39.44 AM,01-04-2023,6.38.43 AM,Satna,Birthday
984,C058,65,1,03-08-2023,10.31.02 PM,07-08-2023,4.39.11 PM,Ballia,All Occasions
985,C070,31,4,05-10-2023,11.27.20 AM,13-10-2023,4.53.35 PM,Ludhiana,All Occasions
986,C086,1,2,03-11-2023,4.41.54 PM,05-11-2023,10.43.28 PM,Bally,All Occasions
987,C018,65,3,20-12-2023,9.13.17 AM,25-12-2023,4.10.09 AM,Bulandshahr,All Occasions
988,C020,4,3,10-11-2023,9.47.17 AM,15-11-2023,10.29.19 AM,Mau,Diwali
989,C017,52,3,06-02-2023,8.11.27 AM,15-02-2023,2.00.04 AM,Bidhannagar,Valentine's Day
990,C021,42,2,04-12-2023,10.20.00 PM,08-12-2023,11.57.55 PM,Amritsar,All Occasions
991,C054,36,5,09-02-2023,3.01.12 PM,15-02-2023,5.16.56 PM,Barasat,Birthday
992,C091,43,3,02-11-2023,2.09.04 PM,03-11-2023,7.32.39 PM,Chittoor,Diwali
993,C082,61,5,08-10-2023,9.34.06 PM,14-10-2023,3.55.58 PM,Kishanganj,Anniversary
994,C004,68,2,13-02-2023,10.44.36 PM,21-02-2023,6.45.30 AM,Chandigarh,Valentine's Day
995,C089,57,2,20-07-2023,12.40.38 AM,27-07-2023,11.42.03 AM,Muzaffarnagar,Birthday
996,C077,25,5,13-05-2023,6.55.09 AM,19-05-2023,5.41.20 AM,Faridabad,Anniversary
997,C098,19,2,04-02-2023,4.28.27 AM,10-02-2023,11.50.24 AM,Vasai-Virar,Valentine's Day
998,C046,44,1,06-11-2023,4.17.11 PM,14-11-2023,4.33.25 AM,Ballia,Diwali
999,C054,52,2,06-02-2023,10.40.49 PM,10-02-2023,12.29.21 PM,Miryalaguda,Valentine's Day
1000,C012,27,4,25-08-2023,1.22.43 AM,31-08-2023,6.57.59 AM,Tadepalligudem,Raksha Bandhan
